Time (s),,,,,,,,,,,,,,,,,,,,,,,,,,,,,,,,,,,,,,,,,,,,
0,0,0,0,0,0,0,0,0,0,0,0.37,6.16,4.29,0.19,0.19,0,0.75,0.37,1.31,0.19,0,0,2.05,1.49,0,0,0,1.12,0.75,0,16.24,0,0,0,0,0,8.02,0,0,0,0,0,0,0
0.703,0,0,0,0,0,0,0,0,0,0,0.19,8.02,3.73,0.19,0.19,0,0.93,0.37,1.31,0.19,0,0,1.87,1.49,0,0,0,6.16,1.87,8.77,15.49,0,0,0,0.19,0,7.65,0,0,0,0,0,0,0
1.404,0,0,0,0,0,0,0,0,0,0,,7.65,3.17,0.19,0.19,0,0.93,0.37,1.31,0.19,0,0,1.68,1.12,0,0,0,4.48,2.24,26.69,15.86,0,0,0,0.19,0,9.52,0,0,0,0,0,0,0
2.105,0,0,0,0,0,0,0,0,0,0.19,0.37,7.09,3.73,0.19,0.19,0,1.87,0.37,0.56,0.19,0,0,0.93,0.56,0,0,0.19,0.19,3.55,31.17,16.05,0,0,0,0.19,0,9.14,0,0,0,0,0,0,0
2.807,0,0,0,0,0,0,0,0,0,0.93,0.37,6.72,1.87,0.19,0.19,0,0.19,0.37,0.75,0.19,0.19,0,2.24,0.37,0,0,0.19,0.19,8.77,31.17,15.68,0,0,0,0.19,0,8.02,0,0,0,0,0,0,0.19
3.509,0,0,0,0,0,0,0,0,0,0.37,0.37,7.09,2.05,0.19,0.19,0,0.37,0.37,0.93,0.19,0.19,0,1.87,0.56,0,0,0.19,,8.21,33.03,15.12,0,0,0,0.19,0,12.69,0,0,0,0,0,0,0.19
4.21,0,0,0,0,0,0,0,0,0.19,0.37,0.37,5.97,1.49,0.19,0.19,0.19,0.93,0.37,0.56,0.19,0.56,0,2.61,0.37,0,0,0.19,0.56,21.65,30.79,13.81,0,0,0,0.19,0,10.45,0,0.19,0,0,0,0,0.19
4.912,0,0,0,0,0,0,0,0.19,0.19,0.56,0.37,5.23,0.19,0.19,0.19,0.19,0.56,2.05,0.75,0.19,0.56,0,2.43,5.41,0,2.8,0.19,0.37,4.48,29.11,14.37,0,0,0,0.19,0,4.67,0,0.19,0,0,0,0,0.19
5.614,0,0,0,0,0,0,0,,0.19,0.93,0.37,5.97,0.19,0.19,0.19,0.19,1.49,1.68,0.19,0.19,0.56,0,3.36,6.53,0,5.97,0.19,0.19,,27.06,14,0,0,0,9.33,0,5.23,0,0.19,0,0,0,0,0.19
6.315,0,0,0,0,0,0,0,0.37,0.19,0.37,0.37,6.53,0.19,0.19,0.19,0.19,0.56,2.05,0.19,0.19,0.56,0,4.29,6.35,0.19,9.14,0.19,,8.02,25.38,12.88,0,0,0,7.65,0,4.67,0,0.19,0,0,0,0,0.37
7.017,0,0,0,0,0,0,0,0.19,0.19,0.19,0.37,5.79,0.56,0.19,0.19,0.19,1.31,2.24,0.56,0.19,8.96,0,5.04,5.6,0.19,8.58,0.19,0.19,10.26,23.14,12.5,0,0,0,3.73,0,4.85,0.19,0.19,0,0,0,0,0.37
7.719,0,0,0,0,0,0,0,0.56,0.19,0.37,0.37,5.79,1.12,0.19,0.19,0.19,0.75,,0.19,0.19,84.91,0,6.16,4.67,0.19,6.53,0.19,0.37,20.34,22.39,11.2,0,0,0,2.99,0,5.04,0.19,0.19,0,0,0,0,0.37
8.421,0.19,0,0,0.19,0,0,0,,0.19,0.37,0.37,5.79,1.12,0.19,0.19,0.19,0.56,0.19,0.75,0.19,118.88,0,8.77,6.16,0.19,6.91,0.19,0.19,23.33,21.46,8.77,0,0.19,0,4.29,0,4.67,0.19,0.37,0,0,0,0,0.37
9.123,0.19,0,0,0.19,0,0,0,0.19,0.19,0.19,0.37,6.16,0.75,0.19,0.37,1.68,,0.19,0.19,0.19,128.96,0,6.53,3.73,0.19,7.84,0.19,0.56,28.74,22.02,8.02,0,0.19,0,5.04,0,5.6,0.19,0.56,0,0,0,0,0.37
9.825,0.19,0,0,0.19,0,0,0,1.12,0.19,0.19,5.23,5.79,0.75,0.19,3.92,4.29,,,0.56,0.19,123.92,0,9.33,3.73,0.19,6.91,0.19,1.49,35.27,21.84,6.16,0,0.19,0,4.85,0,4.67,0.19,0.19,0,0,0,0,0.37
10.527,0.19,0,0,0.19,0,0,0,0.19,0.19,0.19,7.65,5.04,2.24,0.19,3.92,0.56,0.93,12.69,10.08,0.19,104.88,0,10.45,5.41,0.19,7.46,0.19,0.19,36.76,23.14,2.43,0,0.19,0,7.28,0,2.05,0.19,0.37,0,0,0,0,0.37
11.229,0.19,0,0,0.19,0,0,0,0.93,0.19,0.19,0.19,1.12,2.99,0.19,5.6,1.12,0.37,3.17,10.64,0.19,100.22,0,10.82,5.23,0.19,9.52,0.19,0.75,38.26,23.89,3.17,0,0.19,0,7.46,0,1.12,0.19,0.19,0,0,0,0,0.37
11.931,0.19,0,0,0.19,0,0,0,0.75,,0.19,0.19,1.68,3.92,0.19,8.77,3.17,1.12,,11.01,0.19,122.61,0,11.57,6.16,0.19,11.76,0.19,0.19,41.24,24.07,3.17,0,0.19,0,9.14,0,1.68,0.19,0.37,0,0,0,0,0.37
12.634,0.19,0,1.49,0.19,0,0,0,0.75,,,,0.93,2.8,0.19,9.14,2.43,0.19,0.93,11.94,0.19,129.14,0,13.25,6.72,0.19,13.06,0.19,0.56,41.06,35.27,3.17,0,0.19,0.19,8.77,0,1.12,0.19,0.37,0,0,0,0,0.37
13.337,0.19,0.19,1.87,0.19,0,0,0,0.19,1.12,0.19,,0.75,3.36,0.19,10.82,1.68,0.37,2.61,12.32,0.19,130.64,0,16.61,4.85,0.19,16.24,0.19,0.56,39.75,53.93,4.67,0,0.19,0.19,9.52,0,1.49,0.19,0.37,0,0,0,0,0.37
14.041,0.56,2.8,1.49,1.12,0,0,0,,0.37,0.19,,1.49,1.68,0.56,11.01,2.05,1.49,1.12,12.88,0.19,129.52,0,17.17,2.8,0.19,14.74,0.19,1.12,43.3,48.34,5.04,0,0.19,0.19,10.82,0,1.49,0.19,0.37,0,0,0,0,0.37
14.743,0.37,1.12,,1.49,0,0,0,,0.56,,,,0.93,0.56,12.32,4.29,1.12,1.12,13.25,0.19,133.25,0,18.66,0.37,0.19,14.93,0.19,0.93,44.42,35.83,5.6,0,0.19,0.19,12.13,0,1.68,0.19,0.37,0,0,0,0,0.37
15.445,0.93,1.12,,1.12,0,0,0,0.56,0.19,0.19,0.19,4.11,1.68,0.56,15.68,2.43,1.31,,13.62,0.19,138.1,0,19.04,0.75,0.19,16.61,0.19,0.75,45.54,32.66,5.97,0.37,0.19,0.19,12.69,0,1.49,0.19,0.37,0,0,0,0,0.37
16.148,1.12,2.24,0.37,1.12,0,0.19,0,0.56,0.19,0.19,,5.23,6.72,1,27.06,3.73,2.05,,14.37,0.19,142.02,0,22.58,4.11,0.19,17.73,0.19,0.19,46.47,35.27,6.53,4.48,0.19,0.19,14.74,0,2.05,0.19,0.37,0,0,0,0,0.37
16.85,1.68,2.43,0.93,,0,1.31,0,0.56,0.37,,,4.11,5.79,1,25.57,5.41,2.43,0.19,14.74,0.19,142.95,0.19,23.14,2.05,0.19,20.34,0.19,,48.52,35.65,7.28,6.72,1.87,0.19,16.61,0,2.05,0.19,0.75,0,0,0,0,0.37
17.552,2.99,2.05,0.56,0.75,0,1.49,0,0.56,1.31,0.19,,3.92,5.23,1,27.81,6.72,2.61,,14.37,0.19,139.78,0.19,26.5,2.99,0.19,21.65,0.19,,47.96,36.76,8.21,10.45,3.17,0.19,15.49,0,1.68,0.19,0.75,0.19,0,0,0,0.37
18.255,1.49,2.61,0.75,1.12,0,9.52,0,0.56,0.37,,,3.36,4.29,1,27.99,5.23,3.73,1.31,15.49,0.19,140.53,0.19,29.67,2.43,0.19,22.39,0.19,,43.67,37.32,7.65,8.4,6.72,0.19,16.24,0,2.05,0.19,0.37,0.19,0,0,0,0.37
18.957,2.61,2.99,0.56,1.49,0,14.18,0,0.56,0.75,,,3.36,4.67,1,28.55,6.91,3.73,1.68,15.3,0.19,137.36,0.19,32.85,3.92,0.56,22.77,0.19,,42.92,37.14,8.77,11.76,13.44,0.19,16.05,0,2.05,0.19,,0.56,0,0,0,0.37
19.659,2.8,2.99,0.75,0.93,0,11.01,0,0.56,2.43,,,2.8,1.12,1,30.23,4.48,3.17,1.87,16.61,0.19,131.57,0.19,34.15,3.36,1.12,23.51,0.19,,46.28,36.39,10.82,12.5,12.88,0.37,16.24,0,1.87,0.19,0.37,0.56,0,0,0,0.37
20.361,3.36,2.8,0.75,1.12,0,14.74,0,0.56,2.05,0.19,,4.29,12.13,1,29.3,,2.43,1.68,17.92,0.19,106.56,0.37,39.56,4.29,0.37,23.51,0.19,0.19,46.47,33.59,11.2,12.88,17.92,0.37,14.56,0.19,2.05,0.56,4.67,0.56,0,0.19,0,0.37
21.063,3.55,2.43,1.31,1.12,0,14.37,0,0.56,1.87,0.37,,5.04,13.06,1,30.42,,3.73,3.17,17.36,0.19,90.89,0.37,37.32,3.36,1.12,23.14,0.19,,48.52,34.71,13.62,12.32,12.5,1.12,17.17,0.19,2.43,0.56,6.16,0.56,0,0.19,0,0.37
21.765,3.73,2.43,0.93,2.61,0,19.97,0,0.56,0.75,1.68,,4.29,14,1,30.61,,2.8,2.61,18.66,0.19,106.94,0.37,42.92,2.05,0.19,24.45,0.37,0.56,47.4,32.1,14.37,14,6.16,1.49,16.42,0.19,2.05,0.56,8.4,0.56,0,0.19,0,0.37
22.467,3.73,2.43,0.93,0.93,0,24.45,0,0.56,1.31,3.36,,3.92,14.37,1,34.71,0.19,9.89,2.8,18.66,0.19,141.27,0.37,41.24,4.11,0.75,24.45,0.19,0.19,47.78,32.1,14.74,15.49,4.11,2.8,20.72,0.19,1.87,0.56,6.16,0.56,0.19,0.19,0,0.37
23.169,4.11,2.99,1.31,2.43,0,23.33,0,0.56,1.49,2.43,,4.29,14.18,1.31,35.09,1.68,10.45,2.43,18.29,0.19,145.01,0.37,38.26,3.55,0.37,23.89,0.19,0.37,45.91,28.55,15.49,17.92,5.41,1.31,18.85,0.19,2.05,0.56,6.35,0.56,0.19,0.37,0,0.37
23.871,5.23,2.61,1.12,2.24,0,26.5,0,0.37,3.17,6.16,0.19,4.85,15.86,1.31,35.27,2.99,8.02,2.99,19.41,0.19,146.13,0.37,38.07,4.67,0.56,24.82,0.19,0.37,47.96,28.18,16.24,18.66,7.65,1.87,21.65,0.19,1.68,0.56,7.46,0.56,0.19,0.37,0,0.56
24.573,3.55,2.99,0.19,1.49,0,30.42,0,0.37,4.48,7.65,,5.23,16.24,7.28,37.88,8.96,7.84,2.24,19.97,0.19,135.3,0.37,38.07,3.36,1.49,25.94,0.19,0.37,46.84,28.93,19.78,18.85,5.04,1.87,23.51,0.19,,0.56,8.4,0.56,0.19,0.37,0,0.37
25.275,4.11,2.24,1.12,2.24,4.29,29.11,0,0.19,4.11,6.35,,5.23,17.73,13.06,39,14.18,8.96,2.99,22.02,0.19,144.26,0.37,42.55,3.55,2.43,26.31,0.19,0.37,49.46,29.3,20.53,20.16,6.91,1.49,30.61,0.19,,0.56,8.4,0.93,0.19,0.37,0,0.19
25.977,5.04,0.75,1.12,2.61,8.58,29.86,0,2.05,2.43,4.29,,4.29,18.66,14,39,16.8,3.36,2.24,21.28,0.19,142.95,0.37,46.47,3.55,1.87,26.5,0.19,0.37,50.02,31.17,19.41,20.9,5.41,1.31,30.98,0.19,,0.75,8.77,0.56,0.19,0.56,0,0.93
26.679,4.48,2.43,0.37,3.55,7.46,28.55,0.19,1.31,3.73,4.67,,5.04,18.29,15.86,39.19,19.22,2.05,2.99,22.95,0.19,141.09,0.37,48.34,4.29,3.17,26.5,0.19,0.37,48.9,31.17,18.85,21.09,14.56,2.43,29.86,0.19,,1.87,9.7,1.68,0.19,0.75,0,0.37
27.381,5.6,2.05,0.75,4.48,8.21,34.9,0.37,3.55,6.16,3.55,,4.48,19.97,15.86,41.8,17.73,0.75,2.61,22.95,0.19,140.71,0.37,53.56,3.92,2.8,26.31,0.19,0.37,52.63,33.22,22.21,23.33,12.32,1.49,33.41,0.19,0.56,1.68,11.38,0.37,0.19,0.37,0,0.19
28.084,5.04,2.61,0.37,2.99,7.65,34.53,,,7.09,2.05,,4.67,21.65,19.78,42.55,21.28,3.17,2.05,22.58,0.19,140.9,0.37,57.48,3.73,2.61,25.75,0.19,0.37,52.44,35.65,24.82,25.19,15.68,0.75,32.66,0.19,0.93,1.87,11.38,1.49,0.37,0.75,0,
28.785,5.23,2.99,0.75,1.87,7.46,34.15,0.37,0.93,3.92,1.49,,4.29,20.34,17.92,44.04,23.14,4.85,1.87,24.82,0.19,123.92,0.37,56.92,3.73,4.11,27.43,0.19,0.37,52.63,37.7,25.01,26.87,20.72,1.12,37.32,0.19,0.37,2.43,11.38,,0.75,0.56,0,0.37
29.488,5.6,2.8,0.37,2.43,7.28,29.67,1.12,0.37,0.19,1.68,,3.92,20.9,20.34,45.35,20.34,4.85,2.43,25.01,0.19,110.85,0.37,59.91,3.17,5.23,27.25,0.19,0.37,52.44,39.38,27.06,27.99,12.88,1.49,36.02,0.19,0.37,2.99,11.01,3.17,0.56,0.75,0,0.19
30.189,5.04,2.43,0.75,2.24,7.65,26.13,1.49,0.93,0.56,1.68,0.19,5.23,22.02,19.97,50.2,21.46,4.85,2.61,26.87,0.19,103.39,0.37,60.65,2.99,5.97,27.62,0.37,0.37,52.63,41.8,27.99,28.18,10.64,0.93,33.59,0.19,0.75,2.99,12.32,0.37,0.75,0.37,0,0.19
30.89,5.23,2.99,0.56,2.24,7.65,31.35,1.49,1.31,1.31,0.93,,5.41,22.58,19.6,53.56,24.26,6.16,2.99,28.74,0.19,109.73,0.37,66.25,4.11,5.6,27.81,0.37,0.37,53.75,41.24,29.67,27.99,11.01,,35.27,0.19,0.37,2.8,12.32,0.93,0.75,0.75,0,0.56
31.593,5.6,2.8,0.37,1.31,6.35,43.11,2.05,0.75,1.12,,,4.67,23.89,19.78,49.83,23.51,5.04,2.8,30.05,0.19,111.79,0.37,69.61,3.92,5.41,30.05,0.37,0.37,53.75,36.58,33.22,19.22,8.77,0.93,36.39,0.19,0.37,3.55,14.56,1.31,1.12,1.12,0,0.56
32.295,6.72,2.99,0.75,2.24,7.65,41.8,8.96,1.87,0.75,0.37,,4.11,24.26,19.6,48.15,23.14,4.85,2.8,30.61,0.19,144.63,0.37,69.42,2.99,4.29,28.93,0.37,0.37,52.07,33.41,34.71,,8.02,0.93,37.88,0.19,0.19,2.8,13.62,3.92,1.87,0.93,0,0.37
32.997,6.91,2.99,0.56,2.43,7.09,40.87,5.41,8.96,1.87,1.12,,5.41,16.8,18.1,48.34,28.18,4.67,2.05,31.73,0.19,148.18,0.37,68.86,2.8,3.73,33.97,0.37,0.37,53.37,32.1,38.07,12.69,8.96,0.75,37.51,0.19,0.56,3.55,14.93,2.43,1.31,0.75,0,0.93
33.699,5.97,2.61,0.56,2.05,8.96,40.68,8.77,7.28,0.75,0.19,,6.35,0.19,20.34,49.83,27.62,6.53,2.43,34.15,0.19,149.49,0.37,64.2,3.73,2.43,30.61,0.37,0.37,53.19,29.67,39.56,33.22,5.79,1.12,33.22,0.19,2.24,3.92,15.49,2.43,1.31,1.49,0,0.19
34.402,6.72,2.43,0.56,2.24,7.84,42.74,10.08,9.52,0.19,0.75,,5.6,,19.97,49.46,26.31,6.53,2.8,32.85,0.19,149.11,0.75,68.86,4.11,,31.73,0.37,0.37,52.63,31.17,40.68,31.35,6.91,0.56,34.71,0.37,2.24,4.48,15.49,0.93,1.49,0.75,0,
35.106,6.72,1.49,0.93,2.8,6.35,44.6,12.69,7.46,1.12,0.93,,4.85,0.37,22.39,51.69,26.13,8.02,1.68,34.9,1.12,152.85,0.75,69.98,4.48,,31.54,0.37,0.37,50.39,33.59,42.55,30.23,7.84,0.93,33.78,0.93,2.8,3.36,15.68,1.68,1.87,1.87,0,
35.808,7.65,2.24,0.75,4.11,6.91,48.15,11.57,9.14,1.49,0.93,,5.6,6.53,20.72,49.83,29.86,5.23,2.24,36.58,0.75,155.46,1.68,74.09,4.48,0.19,31.54,0.37,0.37,49.83,31.73,42.36,27.62,7.09,1.31,32.1,0.19,2.8,3.17,16.42,3.73,1.68,1.12,0,1.12
36.51,,1.68,0.56,3.92,7.09,44.98,8.58,10.82,0.56,0.37,,4.85,18.66,20.72,52.44,26.87,5.97,1.87,36.76,0.93,156.76,0.56,78.38,4.67,,31.54,0.37,0.37,50.02,29.49,45.16,26.5,7.09,0.37,33.22,0.75,1.68,5.23,17.54,2.61,3.17,1.49,0,
37.212,0.56,0.75,0.75,2.99,7.46,45.35,2.99,12.32,1.31,0.93,,4.11,17.54,20.34,52.07,25.38,6.16,2.05,37.14,1.12,155.83,1.31,79.88,5.41,,31.35,0.37,0.37,49.64,29.67,46.28,27.99,5.97,0.75,33.78,1.31,1.49,5.04,20.34,4.11,3.36,1.49,0,
37.914,,1.12,,4.67,7.28,53.93,4.11,9.33,1.87,0.93,,3.92,15.68,22.02,49.83,42.92,6.53,3.17,36.76,0.56,157.51,0.37,80.25,5.6,,30.61,0.37,0.37,49.83,27.81,48.15,29.3,12.88,0.37,31.17,1.68,1.49,4.11,20.34,3.17,3.17,1.12,0,
38.616,6.16,0.56,0.75,5.79,7.65,55.05,11.76,5.97,3.36,1.31,,5.6,23.14,27.62,36.02,50.2,6.16,2.05,37.14,1.68,155.83,0.56,80.62,6.35,0.19,31.35,0.37,0.37,51.32,27.99,49.27,29.11,18.1,,32.1,1.31,1.31,3.55,21.84,3.36,4.11,1.49,0,
39.318,7.28,0.19,0.37,3.17,7.84,50.58,12.13,6.35,2.43,0.93,,2.24,19.78,24.82,31.17,49.83,4.29,2.43,36.21,0.75,151.73,0.19,81.37,5.79,,31.17,0.37,0.37,51.88,28.93,49.83,29.11,18.85,,31.17,1.31,1.87,4.11,18.29,2.8,3.92,1.31,0,
40.019,6.91,0.93,0.37,3.92,7.84,46.84,8.96,5.97,6.72,1.49,0.37,5.23,23.51,22.77,30.42,47.59,4.67,2.61,37.7,1.49,159,0.37,81.74,7.09,,31.54,0.37,0.37,48.71,28.55,51.13,29.11,16.42,0.19,30.42,2.8,1.12,3.92,20.72,6.91,4.85,1.12,0,1.49
40.722,4.67,0.75,,2.05,6.53,62.15,8.58,7.28,7.46,0.93,0.19,5.04,26.87,23.89,51.13,48.52,5.97,2.24,34.53,0.75,155.27,0.37,83.79,7.46,,31.73,0.56,0.37,51.32,30.61,53.75,28.93,23.7,,30.23,3.36,1.12,4.48,22.02,5.79,4.48,1.49,0,0.19
41.423,1.31,0.93,,2.61,6.35,64.2,9.89,14,5.04,1.12,0.19,5.23,24.07,24.63,54.49,49.08,3.92,2.05,38.07,0.19,156.76,0.56,89.77,7.84,,32.66,0.93,0.37,52.07,29.11,54.68,30.42,19.6,,29.3,5.23,1.12,3.92,24.82,5.04,6.35,1.31,0.19,
42.125,,0.75,,3.17,7.28,65.51,14,12.5,2.8,0.75,0.19,4.85,22.02,24.82,53.37,49.46,0.56,0.93,38.82,1.49,158.82,1.68,85.85,6.53,,33.97,0.93,0.37,50.2,33.59,56.55,30.98,20.53,,31.91,5.6,1.31,2.99,22.21,5.97,5.6,2.05,0.19,
42.827,,,,3.73,7.28,61.77,23.14,10.26,1.49,0.93,,5.79,22.21,25.19,53.93,50.76,0.56,2.61,39.19,1.12,159.19,1.68,89.39,7.46,,35.46,0.93,0.37,50.2,33.03,56.92,29.67,25.94,,28.93,1.87,0.75,2.8,23.89,10.26,5.6,7.84,0.19,
43.529,0.19,0.75,,2.8,7.65,59.91,27.06,11.2,3.36,0.75,0.19,3.92,30.42,24.45,49.08,51.51,0.56,2.8,39.19,0.75,159.38,2.61,90.51,6.91,,34.9,0.93,0.37,50.95,33.97,58.41,31.35,23.14,,30.61,1.49,,1.31,25.75,4.67,5.79,1.49,0.19,0.19
44.231,0.56,0.37,,2.05,7.46,29.49,31.54,11.2,3.55,0.93,,3.92,29.86,24.45,44.23,51.32,0.75,1.68,39.94,1.49,143.89,1.49,92.75,6.53,,36.76,0.93,0.37,49.64,38.26,60.65,30.23,16.61,0.37,33.41,1.68,,0.75,26.13,5.41,6.53,1.49,0.19,0.37
44.933,1.12,0.75,,4.11,9.33,3.17,37.14,15.12,2.24,1.49,0.37,0.93,30.79,26.13,43.67,50.39,3.36,2.43,40.68,1.31,141.09,1.49,94.62,7.65,,36.76,0.93,0.37,51.32,42.36,64.01,32.29,16.05,,33.59,0.93,,,25.19,4.48,6.35,2.24,0.19,
45.635,0.75,0.56,,1.49,9.33,40.12,32.29,11.94,2.8,1.31,0.56,0.37,27.99,24.26,31.73,43.86,4.48,0.93,41.62,1.31,162.74,1.12,99.47,7.84,,38.07,0.93,0.37,48.9,44.42,63.83,32.1,15.49,,33.59,2.99,,0.37,26.13,5.97,6.53,1.87,0.19,
46.337,0.75,0.75,,2.99,2.99,64.2,37.32,11.01,2.99,0.56,0.37,0.56,28.93,24.45,23.89,44.98,1.12,0.19,42.36,1.68,164.23,1.49,102.64,10.26,,37.51,0.93,0.37,47.4,47.96,65.13,32.1,11.76,,34.71,5.79,1.68,6.16,28.18,5.41,9.33,1.12,0.19,
47.039,0.56,0.56,0.19,1.31,0.37,79.5,38.82,13.25,6.35,0.75,0.19,0.75,31.17,25.94,47.59,48.71,5.04,0.75,42.92,1.49,169.64,1.12,97.6,9.89,,39.56,0.93,0.37,48.71,52.44,67.37,28.74,11.38,,36.58,4.67,,5.6,30.23,6.53,8.58,1.68,0.19,
47.741,0.19,0.93,,4.11,0.19,94.25,38.63,15.68,9.89,0.37,0.19,2.99,28.37,25.94,57.67,47.96,4.67,2.05,41.99,1.68,170.01,1.87,98.16,9.89,,36.58,0.93,0.37,44.6,55.43,67.93,25.38,14.93,,40.12,3.92,,5.41,31.35,5.79,7.84,1.87,0.19,
48.444,,0.56,0.19,2.61,2.43,112.72,43.86,23.14,7.46,0.37,,4.29,25.75,24.63,61.96,50.02,4.11,2.24,44.04,0.56,176.55,2.99,99.66,11.38,,39,0.93,0.37,45.54,56.17,67.93,27.25,19.97,,39.19,3.73,5.97,1.68,32.1,10.64,8.77,2.99,0.19,
49.146,,0.93,,1.49,8.96,129.7,46.47,22.95,9.14,0.93,0.37,3.17,36.95,24.45,62.71,50.76,5.6,1.68,45.54,1.49,180.47,2.05,101.71,11.76,,39.38,0.93,0.37,45.16,58.97,69.42,22.39,22.02,0.19,42.74,4.48,5.97,7.09,32.29,14.18,9.14,2.05,0.19,
49.848,,1.68,,3.73,8.21,125.22,53.93,19.78,2.99,1.12,0.19,4.85,31.91,26.5,59.35,44.98,3.36,0.75,43.11,2.8,181.03,2.05,106,13.62,,39.38,0.93,1.49,43.3,58.41,69.05,23.89,15.3,0.37,41.99,5.6,5.97,4.85,30.98,13.62,9.14,2.43,0.19,
50.55,,0.19,,1.49,7.46,125.6,58.79,16.61,2.43,1.87,,5.6,32.66,25.38,60.28,47.4,0.56,2.61,44.04,2.24,184.57,2.99,105.26,14.93,,40.87,0.93,0.19,45.72,59.35,71.1,22.77,22.95,0.19,42.74,5.97,6.16,0.19,29.86,7.28,8.96,2.43,0.19,
51.252,,1.31,,0.75,8.77,120.56,59.72,16.8,0.56,1.12,0.19,6.91,33.41,27.06,60.28,52.63,1.31,1.87,46.1,0.19,184.94,2.61,109.36,16.61,0.37,38.44,0.93,0.19,47.22,62.15,72.6,21.84,25.57,,46.1,5.97,6.35,0.37,31.54,7.46,11.01,2.43,0.19,
51.953,,1.87,,,8.96,129.33,51.32,15.86,0.37,1.31,0.37,5.97,36.21,25.19,61.96,52.44,0.75,0.93,46.1,0.37,180.09,2.24,108.62,18.29,,40.68,0.93,1.12,45.72,65.88,72.22,23.7,29.49,0.93,45.54,6.16,5.97,,14.74,9.33,11.57,2.99,0.19,0.19
52.655,5.04,2.8,,0.75,8.21,133.25,45.54,19.6,1.31,2.24,,6.53,33.78,26.13,61.21,49.46,1.31,0.93,47.03,4.67,187.74,2.8,110.48,19.22,0.19,41.24,0.93,0.19,45.72,66.06,72.97,24.63,27.25,,46.28,5.6,5.79,,13.25,7.65,13.44,2.99,0.19,
53.358,4.85,2.43,,0.19,8.58,144.45,49.08,24.63,1.68,2.43,,4.29,35.83,27.62,58.41,49.27,0.93,0.56,48.34,0.93,184.94,2.99,115.15,18.1,,42.55,0.93,1.12,50.02,66.25,74.09,25.19,31.91,0.37,47.22,4.11,5.97,0.37,32.47,8.4,14.37,2.61,0.19,
54.06,6.16,2.05,,,9.7,151.91,60.65,22.02,2.99,1.68,,5.79,38.63,26.31,59.53,50.02,0.37,2.05,48.71,0.93,179.72,2.61,121.12,18.85,0.56,41.8,0.93,0.56,48.52,70.17,74.84,25.38,35.46,0.75,49.83,2.05,7.09,0.93,33.03,9.7,15.68,1.87,0.19,0.37
54.762,4.48,2.43,,,8.96,157.7,72.22,26.5,2.99,1.87,,5.6,42.36,28.55,61.4,48.15,0.75,1.31,48.71,2.05,186.44,2.99,120.75,20.72,0.75,43.3,0.93,0.37,49.46,69.61,74.65,25.19,35.27,0.75,46.1,2.43,6.16,0.37,35.09,9.7,15.49,2.61,0.19,
55.464,7.09,2.43,,,10.26,147.62,84.35,31.73,7.46,2.43,0.19,6.35,40.31,28.93,60.47,46.47,0.37,2.43,48.52,6.35,185.5,3.73,121.49,20.72,1.31,42.55,0.93,0.93,49.27,71.66,74.46,23.89,35.65,0.75,47.03,2.05,5.97,,33.59,13.25,17.17,2.61,0.19,
56.166,6.91,1.87,,0.19,7.84,154.15,58.97,30.05,12.88,1.87,0.37,6.16,41.62,29.49,62.33,50.76,0.56,1.31,48.71,7.09,189.05,4.11,129.89,25.01,1.31,43.67,0.93,0.19,49.64,71.85,76.52,24.26,37.7,1.68,46.84,1.12,5.41,1.31,35.09,19.78,19.22,2.43,0.19,
56.866,5.41,1.87,,0.19,10.64,150.23,72.78,28.55,10.64,0.93,0.19,7.28,46.84,28.74,61.96,47.22,0.19,1.49,48.15,8.4,186.44,4.67,130.08,21.84,1.31,42.36,0.93,0.56,50.02,75.02,76.33,25.38,34.9,1.12,47.4,1.87,5.6,1.49,35.46,9.33,19.04,3.92,0.19,
57.568,2.43,2.8,,1.12,11.38,148.37,79.69,25.01,13.44,1.12,0.19,8.02,48.71,29.3,62.71,41.8,0.37,1.49,53.75,9.89,189.24,3.17,129.89,20.34,1.49,43.11,0.93,0.93,50.76,75.77,78.94,27.81,31.73,1.31,46.47,1.68,5.04,1.12,35.27,18.66,22.58,3.55,0.19,
58.27,2.8,2.8,,1.31,10.64,152.1,80.25,27.62,20.16,1.68,,8.58,49.46,30.23,60.47,39.75,0.56,1.49,51.13,9.33,186.44,3.73,134.56,22.21,1.87,43.48,0.93,0.93,52.25,75.77,77.64,28.93,31.17,0.93,51.32,2.8,6.16,1.68,36.21,12.5,22.39,3.92,0.19,
58.972,2.61,3.36,,1.31,11.94,157.7,92.01,20.53,21.84,1.12,0.19,7.09,45.16,31.73,36.21,39.56,3.73,1.31,52.07,8.58,190.17,1.49,134.18,19.78,2.05,44.42,0.93,1.12,53.93,78.57,77.26,28.74,25.57,1.49,48.9,3.73,4.85,3.36,36.21,11.01,21.84,1.87,0.19,
59.674,,4.29,,0.56,12.5,171.69,95.92,15.68,22.77,2.8,,5.97,50.58,33.59,16.05,44.6,1.87,1.12,51.32,10.26,188.86,2.8,136.98,24.63,1.87,44.6,0.93,,54.87,78.57,78.38,30.98,27.62,1.87,52.63,2.8,5.41,1.31,39.38,10.64,23.7,3.36,0.19,
60.376,0.75,2.99,,0.37,10.45,163.67,99.1,15.86,36.76,1.87,,4.11,51.51,35.46,27.81,48.71,0.75,1.12,48.9,10.45,191.85,1.87,136.05,29.67,2.24,44.98,1.12,0.19,57.48,79.13,79.69,28.18,27.25,1.49,53.37,3.92,5.41,0.93,39.19,9.7,25.57,1.68,0.19,0.19
61.078,0.37,3.73,,0.93,11.76,163.48,95.74,20.9,34.34,1.49,,1.49,55.61,37.14,60.09,47.4,2.05,1.31,38.44,10.26,190.73,1.87,138.85,28.93,2.24,45.54,3.36,0.37,57.48,78.38,78.57,30.79,29.49,1.12,40.12,3.36,5.23,0.19,39.56,17.36,25.19,2.05,0.19,
61.781,0.56,5.23,,1.31,11.57,160.5,97.6,26.31,37.88,1.49,,1.12,55.24,38.63,71.29,47.78,2.24,0.93,44.04,11.38,192.78,1.49,142.77,27.06,2.43,45.54,3.55,0.37,58.97,76.33,80.06,31.17,28.18,1.49,23.51,3.92,5.79,,39.75,19.97,28.37,3.17,0.19,
62.482,0.56,5.04,,0.19,12.32,175.61,107.68,26.31,34.53,1.87,,1.12,56.92,37.32,69.8,49.27,0.37,2.43,53,11.94,190.54,2.05,147.99,29.67,4.85,45.35,3.55,0.37,60.09,78.38,78.76,32.47,35.27,2.43,59.35,3.92,5.6,,40.5,14.56,27.06,2.43,0.19,
63.185,0.75,3.36,,0.93,11.2,168.52,110.48,25.94,21.65,2.99,,2.05,60.47,38.26,70.92,46.47,0.75,0.56,54.87,12.5,193.9,2.61,154.15,31.54,5.6,43.86,3.17,0.37,61.77,76.52,79.88,33.59,29.11,2.05,18.66,3.55,5.41,0.75,44.04,14.18,28.18,3.55,0.19,
63.887,0.37,4.48,,0.93,11.76,164.79,113.47,28.93,20.16,3.17,,0.93,53,35.83,56.17,46.66,1.31,1.49,54.31,12.5,192.78,2.24,167.4,32.1,5.41,47.22,3.36,0.37,62.89,78.38,80.62,33.97,30.98,2.24,3.55,4.67,5.41,6.35,40.31,11.2,26.69,3.55,0.19,
64.589,0.93,3.92,,0.75,12.69,171.32,115.52,34.9,19.97,3.73,,2.24,57.85,37.51,43.86,48.34,0.56,0.75,56.17,14.18,192.41,0.19,167.03,31.91,6.91,46.66,3.92,0.37,62.33,79.5,79.32,34.34,24.63,4.29,2.24,5.04,5.6,7.09,43.3,8.96,29.67,3.36,0.19,
65.291,,4.67,,0.19,13.44,186.62,117.39,33.97,7.65,0.75,0.19,4.29,57.67,36.21,44.04,51.69,0.37,0.75,56.92,12.69,192.97,,179.16,33.03,7.65,46.1,1.87,0.37,62.71,78.76,79.5,36.95,26.87,4.67,1.87,5.23,5.41,8.77,25.19,5.23,30.61,2.43,0.19,
65.993,,5.23,,,14.56,176.55,120.75,43.11,4.67,0.75,,3.73,62.89,38.07,35.65,53.19,0.56,1.31,56.92,15.12,195.96,0.19,169.64,35.83,7.84,45.54,4.67,0.37,63.08,79.13,79.88,35.27,25.94,4.85,2.24,5.04,5.23,8.58,24.07,6.16,30.42,2.99,0.19,
66.695,,3.92,,0.37,14.93,161.43,124.66,36.58,5.97,2.61,,4.11,66.44,36.76,25.19,50.76,0.37,2.43,54.49,15.68,201.18,0.19,187.56,34.53,6.72,44.42,3.36,0.37,64.39,78.94,83.61,36.21,27.06,4.85,2.99,5.79,5.04,9.52,47.4,1.31,32.29,3.55,0.19,0.19
67.397,0.56,5.41,,1.31,14.56,154.34,131.38,33.78,19.6,2.05,,3.36,71.29,39.75,25.19,47.4,1.87,3.17,55.99,15.86,202.67,1.12,170.01,34.34,3.55,42.18,3.17,0.37,65.32,79.69,80.81,36.95,33.59,8.02,2.43,8.4,5.41,8.77,41.24,1.12,32.1,3.55,0.19,
68.1,1.31,10.45,,0.56,13.62,161.8,127.84,33.59,32.1,3.36,,3.73,71.1,41.99,49.27,47.4,0.56,2.8,58.6,15.86,200.81,2.8,175.05,34.53,3.55,41.8,5.41,0.37,66.81,81.18,81.37,37.7,37.51,6.16,0.93,7.84,5.41,10.26,41.06,2.99,31.35,2.99,0.19,
68.802,0.93,9.89,,0.37,14.93,162.92,129.14,33.97,39.56,2.61,0.56,5.6,74.65,41.24,52.44,52.25,0.37,1.49,58.41,15.3,200.62,3.92,181.96,38.07,1.87,44.23,3.73,0.37,65.13,81.55,81.55,38.82,34.71,9.89,1.87,7.84,5.23,9.7,42.18,1.87,32.29,4.67,0.19,0.19
69.504,1.12,9.52,,0.19,13.81,172.44,121.49,37.32,38.82,3.36,0.93,5.41,65.88,41.06,53.93,51.69,,1.12,59.91,13.81,201.18,1.49,180.28,38.82,1.12,43.86,3.55,0.37,65.69,83.23,79.5,38.26,32.29,1.87,0.93,8.96,5.23,9.7,41.62,3.55,33.78,2.99,0.19,
70.206,1.31,9.89,,0.37,15.86,189.05,120.56,38.63,42.36,2.8,0.19,6.35,72.6,44.79,52.63,47.96,0.19,0.75,61.21,11.2,202.86,2.05,183.26,39.38,1.87,44.79,3.36,0.37,65.51,85.29,79.13,38.63,35.65,1.49,0.75,6.91,5.04,9.52,43.48,0.93,33.97,2.99,0.19,0.19
70.908,2.05,9.52,,0.93,17.36,181.03,126.9,41.24,41.24,2.8,,5.04,79.69,42.18,58.23,52.81,,1.49,60.47,6.53,199.69,4.48,188.3,39.75,1.49,43.3,4.85,0.37,65.13,89.58,79.13,37.32,24.45,1.68,0.56,7.84,5.04,9.89,43.11,1.68,36.95,2.99,0.19,
71.609,1.49,9.14,,0.75,13.25,195.21,130.64,43.86,42.74,5.79,,6.72,73.16,44.42,72.04,49.27,0.19,0.75,60.09,0.19,203.23,3.73,189.05,39.94,1.87,44.23,4.48,0.37,67.18,91.45,78.57,38.26,14,11.01,0.75,8.77,5.6,8.4,44.42,2.43,33.22,3.36,0.19,
72.311,1.68,11.01,0.37,1.49,14.18,194.28,131.38,47.96,44.42,3.36,,4.29,70.36,44.98,76.14,51.69,2.43,0.93,64.57,1.12,203.23,5.6,190.54,41.06,2.24,46.66,5.23,0.37,64.39,91.26,78.94,40.12,26.5,11.57,1.49,11.01,5.23,11.57,46.28,2.05,33.03,5.23,0.19,
73.014,1.49,8.58,,0.93,14.56,150.23,133.06,45.72,45.35,5.23,,6.72,75.96,47.4,80.62,55.8,2.8,0.56,62.33,7.84,204.91,6.72,194.65,42.74,2.05,44.23,5.23,0.37,66.25,91.45,78.76,42.36,32.47,10.64,2.43,13.62,4.85,10.45,48.9,1.87,35.83,4.48,0.19,
73.716,0.19,10.82,,1.49,13.25,155.83,137.36,43.48,45.91,4.67,0.19,5.79,79.88,46.47,84.73,48.52,2.43,0.19,64.2,17.92,204.17,6.35,198.57,41.43,2.61,46.28,6.91,0.37,65.32,91.26,81.37,44.98,35.09,11.01,2.61,13.62,5.23,10.26,44.79,2.24,37.7,3.92,0.19,
74.418,2.05,10.82,0.75,0.37,14.18,153.96,142.77,39.19,45.72,5.97,0.56,5.41,66.25,47.4,78.01,51.51,2.8,3.92,63.27,18.66,204.91,5.6,204.73,42.36,2.99,47.78,4.67,0.37,63.83,93.31,83.23,45.35,30.42,10.26,3.73,13.62,4.48,9.7,46.1,4.67,36.58,4.67,0.19,0.19
75.12,0.75,8.96,1.68,1.49,12.5,149.49,152.1,39.19,46.1,3.73,,7.09,80.43,47.4,78.94,60.09,0.19,4.67,62.52,19.04,207.53,4.11,213.5,40.87,2.8,47.96,5.6,0.37,66.62,93.87,83.98,46.66,29.11,12.32,3.55,14.56,4.48,9.89,45.16,6.35,34.71,5.97,0.19,
75.822,0.56,9.89,1.12,1.87,6.91,150.61,148.18,38.82,44.04,5.41,,7.46,82.49,47.96,75.02,62.15,2.61,4.67,64.01,18.48,204.73,4.85,214.24,41.43,2.43,49.27,5.6,1.31,67.56,96.67,84.54,46.28,26.87,11.01,3.55,15.86,4.67,10.82,41.99,5.97,37.88,4.67,0.19,0.37
76.524,1.31,9.14,0.19,1.31,6.16,140.34,148.37,50.76,48.34,5.41,0.19,6.91,81.37,50.39,72.97,60.65,1.68,3.73,64.57,18.66,210.51,6.53,223.58,43.48,,49.83,5.23,1.87,68.49,96.11,82.11,48.34,25.75,10.82,5.6,15.12,4.48,11.57,39.38,5.41,37.51,4.29,0.19,0.56
77.225,,9.7,0.93,1.31,5.97,108.06,136.24,58.41,45.16,6.91,,6.53,89.39,50.2,74.09,60.47,1.87,4.48,63.83,18.66,208.09,7.84,219.47,42.92,0.56,49.83,5.97,1.49,69.24,98.35,83.42,51.32,27.99,11.2,4.85,15.86,4.29,11.94,42.36,1.49,38.26,3.36,0.19,0.37
77.928,,11.01,1.87,0.75,14,180.65,147.99,56.55,47.78,7.09,,9.89,88.83,49.08,72.78,60.47,2.43,2.61,64.39,18.85,207.9,7.28,227.87,40.68,0.56,51.32,6.91,2.43,69.61,97.79,83.79,51.32,27.06,10.26,6.16,16.24,4.11,11.94,41.99,2.99,39.75,3.55,0.19,
78.63,,8.02,4.67,1.49,15.68,198.75,158.26,58.04,50.02,9.14,,8.77,86.78,50.2,75.77,64.2,2.8,4.11,64.01,20.16,209.39,9.52,235.15,46.1,0.19,49.64,6.53,2.43,70.92,99.1,86.41,53.93,32.47,11.38,6.35,14.74,5.04,11.38,44.98,4.48,40.5,0.56,0.19,0.75
79.332,0.37,10.26,10.08,0.56,17.73,200.99,154.34,54.12,50.76,11.2,,8.96,88.09,49.27,73.72,65.69,3.17,3.73,64.57,20.72,208.65,6.91,238.13,42.74,1.87,51.51,5.97,0.93,70.54,99.1,83.98,50.95,34.71,10.08,7.28,15.49,4.67,11.01,42.92,1.87,39,0.93,0.19,1.12
80.034,0.37,8.02,10.08,0.19,12.69,197.26,156.95,57.29,39.75,12.88,,8.4,93.5,50.95,74.84,60.84,3.36,3.36,66.81,21.84,213.68,8.21,239.63,41.06,0.75,49.83,5.97,2.24,67.37,100.96,85.47,53.75,39.75,11.38,9.14,15.49,4.48,12.32,40.68,2.8,39.19,0.56,0.19,0.37
80.736,0.37,7.84,8.96,1.12,7.84,190.73,167.22,53.19,34.53,15.12,,7.09,89.95,52.44,74.46,55.99,3.17,4.29,65.69,21.65,214.43,7.46,241.68,44.04,0.56,51.69,6.35,0.37,68.49,104.7,86.59,55.99,44.98,10.26,9.89,15.86,4.85,11.57,31.35,3.55,40.31,5.79,0.19,0.19
81.438,0.19,7.84,9.52,,7.84,184.76,168.15,47.59,37.32,16.05,,8.21,88.46,50.39,74.09,55.8,3.36,4.11,64.76,21.46,214.24,6.53,237.39,45.35,0.56,51.69,5.6,0.93,69.24,106.19,86.78,54.87,46.47,11.2,11.57,17.36,4.85,12.13,34.71,2.24,39.94,5.6,0.19,0.93
82.14,0.56,9.33,9.14,0.75,7.46,208.46,170.01,52.81,50.95,17.92,,8.02,95.55,50.02,75.02,52.81,3.55,4.29,66.06,21.84,214.8,8.96,238.88,44.6,2.24,55.05,6.53,0.93,70.36,108.99,85.85,55.8,46.66,10.64,11.76,18.29,5.04,10.64,35.46,5.97,39.94,5.6,0.19,0.37
82.843,0.75,10.82,8.77,0.75,9.33,192.78,170.39,50.58,52.25,16.61,,6.35,92.57,52.25,75.58,50.39,3.17,4.29,66.81,20.9,214.8,7.28,239.07,50.02,5.23,55.43,7.28,2.61,67.74,106.56,83.79,57.48,49.08,11.57,11.01,16.8,4.48,12.88,51.88,3.36,37.51,4.11,0.19,0.56
83.545,0.37,7.09,7.84,0.93,6.53,183.08,167.96,44.79,53,20.72,,6.72,93.5,50.95,76.52,47.78,2.8,4.29,65.32,21.65,220.4,10.26,247.28,49.46,2.99,54.31,6.72,1.31,69.61,108.24,82.49,58.79,46.66,12.13,11.01,17.54,4.67,12.32,52.63,4.67,39.94,3.92,0.19,0.19
84.247,0.75,5.97,8.96,,5.04,185.13,170.76,47.22,52.81,16.98,,7.28,96.67,52.81,74.46,45.54,3.55,1.49,65.69,21.46,222.64,8.58,256.23,50.39,0.37,53.93,7.09,0.19,69.98,108.06,83.98,62.52,50.39,11.57,14.18,18.1,5.04,12.13,53,8.4,39.75,4.67,0.19,0.37
84.949,0.19,6.91,9.33,0.93,9.7,188.49,171.88,39,54.87,17.73,,6.35,94.99,52.07,74.46,45.35,2.43,1.49,52.07,22.77,221.15,9.89,260.9,48.52,,53.19,6.53,2.61,71.1,108.8,83.42,58.79,44.79,11.2,1.31,19.04,4.29,14.56,54.31,3.17,41.62,4.48,0.19,0.37
85.651,,9.33,8.77,0.93,8.02,197.82,172.81,27.62,58.97,20.72,,7.65,94.06,53.75,72.97,38.44,2.61,0.56,46.66,22.95,226,8.21,265.19,48.71,0.37,53,7.28,2.43,71.48,107.12,84.91,61.21,49.27,11.2,,17.92,4.67,13.81,55.24,6.16,41.43,5.23,0.19,0.19
86.353,0.19,6.91,9.14,0.93,7.84,194.84,165.72,33.78,55.61,24.82,,6.91,102.08,53.56,76.89,41.06,2.24,1.12,50.95,23.14,225.63,7.09,264.82,51.32,,55.05,7.46,2.99,70.54,106.75,86.03,61.59,52.44,11.2,4.11,18.29,4.67,15.68,54.31,3.73,43.3,3.36,0.19,0.19
87.055,0.19,7.65,8.02,0.75,8.96,195.58,166.84,43.86,57.85,22.21,,6.35,95.74,53.19,78.57,38.07,1.68,1.87,73.9,23.33,228.43,5.79,270.6,53.75,0.19,52.81,7.84,2.61,71.66,106.94,88.27,61.77,51.88,11.57,43.67,20.53,4.48,13.25,55.43,2.61,43.3,4.48,0.19,
87.757,0.19,6.53,10.08,1.68,5.23,198.94,170.57,49.27,60.28,24.45,,6.16,98.72,55.43,78.2,36.02,3.17,2.43,73.72,23.7,231.04,6.72,274.52,55.24,0.19,53.56,7.09,4.29,70.54,106.75,86.22,64.57,49.46,10.82,53,19.6,4.48,12.88,57.85,1.68,45.91,4.29,0.19,0.56
88.459,0.93,6.53,9.7,0.37,6.91,212.38,182.15,46.84,61.21,25.19,,5.6,99.47,54.31,76.89,36.02,3.17,2.24,72.04,23.89,229.73,0.56,277.14,55.61,0.56,53,7.65,1.12,68.49,104.51,85.1,64.57,46.84,11.76,55.24,18.29,4.48,14.37,56.55,2.99,47.78,3.17,0.19,0.19
89.162,0.19,9.14,11.38,1.87,7.28,204.17,176.17,51.32,56.92,26.5,,5.6,96.67,55.99,74.46,35.09,1.31,1.87,70.92,22.77,230.11,0.19,278.82,57.11,0.56,52.81,9.14,3.17,70.73,105.44,84.35,64.95,50.2,11.57,53.37,19.97,5.04,14.93,62.52,2.8,48.15,5.04,0.19,
89.864,0.37,10.26,11.38,0.75,9.89,213.68,177.48,58.97,58.6,25.94,,4.29,100.78,54.12,79.5,35.09,1.12,2.24,70.54,25.75,230.85,0.19,278.63,58.41,0.37,55.61,9.7,3.36,71.85,106.75,85.1,66.44,51.88,11.94,54.12,19.41,4.11,15.86,64.76,3.73,49.64,5.6,0.19,
90.566,0.37,9.7,11.76,0.75,9.52,203.61,177.11,52.63,63.45,28.37,,5.41,99.66,57.11,78.57,32.29,,3.17,68.86,25.75,232.72,2.43,278.26,59.91,0.56,55.8,8.02,3.36,70.36,108.62,84.91,67,58.79,11.57,57.11,19.22,3.92,17.73,61.21,2.99,48.71,4.11,0.19,0.19
91.268,0.19,8.02,10.64,1.49,5.6,213.12,181.96,48.71,62.89,29.3,,5.23,100.22,55.43,79.13,31.17,1.68,2.05,71.1,25.94,233.09,7.65,273.96,62.33,0.75,57.29,1.87,0.19,70.17,108.06,84.91,67.93,60.09,12.32,56.55,19.97,3.92,15.3,62.52,5.04,49.08,,0.19,0.19
91.969,0.75,17.36,11.76,0.56,15.86,210.14,191.1,71.29,61.21,30.42,,5.97,104.88,54.68,79.32,27.99,1.87,1.87,72.97,25.75,232.53,10.26,283.11,62.33,0.75,56.36,0.19,3.36,70.54,105.82,84.54,66.25,58.97,11.01,55.05,19.41,3.73,17.73,61.4,8.02,49.64,,0.19,0.19
92.671,1.12,1.31,12.32,0.56,16.05,224.7,177.67,69.98,63.08,29.3,,5.6,102.46,55.05,83.61,30.05,1.87,3.36,70.92,25.75,232.16,13.81,277.32,61.4,0.56,55.43,9.89,2.8,70.36,105.26,82.49,65.88,61.21,10.08,56.55,20.72,3.92,16.61,62.33,5.23,50.58,0.19,0.19,0.19
93.373,1.49,0.37,11.57,1.68,14.18,236.83,182.15,64.39,60.47,31.91,,4.85,106.75,55.05,85.1,29.86,2.24,0.93,70.17,24.63,236.45,10.82,277.7,61.96,0.19,57.29,11.76,0.37,71.66,105.26,83.98,66.25,57.48,9.52,58.97,19.97,4.48,18.66,63.45,4.11,52.07,4.67,0.19,0.19
94.074,0.75,17.92,11.57,1.87,15.3,230.48,183.08,64.39,61.4,29.11,,5.41,107.87,55.43,83.23,25.01,2.61,1.31,71.85,26.13,235.33,14.93,277.7,66.25,1.31,59.91,10.82,4.11,71.1,105.07,84.17,66.06,61.21,8.77,58.97,20.16,4.29,19.97,66.81,4.67,53.75,3.36,0.19,0.56
94.776,0.19,18.48,12.5,0.75,15.3,244.1,175.05,69.24,56.92,29.3,,5.23,107.12,54.68,85.47,25.38,2.61,0.93,73.9,26.5,239.07,16.98,282.18,65.88,0.56,56.73,9.52,1.12,71.29,105.44,83.05,67,62.71,8.77,57.85,19.97,4.11,19.78,69.61,7.09,53,5.6,0.19,0.37
95.478,0.19,16.8,12.69,0.75,14.74,237.01,170.57,68.49,63.45,29.86,,4.67,106.94,55.24,86.41,26.31,2.05,1.12,70.73,26.5,236.83,15.86,280.31,65.69,0.19,60.28,7.46,3.36,69.98,105.26,83.42,68.3,59.16,9.33,56.17,21.28,4.67,21.28,72.97,8.96,56.17,5.41,0.19,0.37
96.179,0.93,13.62,11.57,1.31,14.56,242.42,167.4,71.85,64.57,31.35,,5.79,112.35,58.97,88.65,23.33,0.93,1.87,73.72,27.43,203.05,16.24,281.43,63.83,0.93,61.96,7.28,3.92,70.17,105.26,83.79,69.42,59.91,7.84,57.85,23.33,3.92,20.34,69.98,7.84,52.81,5.6,0.19,0.37
96.881,5.97,7.84,12.69,0.75,14.74,240.74,175.43,74.28,58.6,33.97,,5.04,110.48,57.85,88.83,24.26,0.75,1.31,74.84,26.5,197.82,17.54,279.94,66.25,1.49,62.33,6.72,3.73,71.48,106.56,86.03,70.54,60.47,8.77,53,21.46,3.92,20.9,70.54,6.72,54.87,5.23,0.19,0.93
97.583,5.79,6.72,12.32,1.68,13.62,251.94,172.63,66.62,54.68,31.54,,6.91,115.15,56.36,86.59,20.9,0.37,1.12,70.36,26.87,236.83,16.8,279.38,65.88,3.36,59.91,4.11,1.68,70.54,106.94,82.86,70.17,66.06,9.52,54.31,22.77,4.11,20.53,70.73,2.8,55.61,5.79,0.19,
98.284,5.79,4.48,13.44,0.75,16.98,267.06,179.53,68.49,51.32,32.66,,5.41,113.84,58.6,89.95,21.28,0.75,0.75,72.6,26.69,240.19,16.24,278.63,71.29,5.97,62.71,10.45,1.31,73.9,106.38,83.42,69.61,66.81,9.14,54.68,10.45,3.73,22.39,66.25,1.68,57.29,6.91,0.19,0.19
98.987,6.91,5.6,11.2,0.93,17.92,261.46,179.35,74.65,55.05,33.41,,5.6,119.25,58.79,88.27,21.28,,0.93,72.41,28.55,234.03,14.56,281.99,67,6.16,59.91,14,2.8,72.22,109.18,82.86,70.73,68.86,7.09,53.19,1.87,4.67,23.14,71.29,3.55,56.36,5.6,0.19,0.37
99.689,9.33,6.53,12.32,1.12,16.24,263.89,185.32,78.2,59.91,35.65,,7.28,115.89,58.79,90.7,20.34,0.37,1.49,73.9,26.31,227.68,15.12,277.14,71.66,6.72,60.65,13.81,2.43,73.34,110.67,82.3,71.29,71.48,11.01,55.05,18.85,3.92,21.46,75.4,2.61,56.92,5.23,0.19,0.75
100.391,9.14,6.53,13.06,1.31,16.98,262.77,187.74,80.25,56.17,29.3,,5.41,121.12,59.53,93.5,15.49,0.19,0.93,72.22,28.74,229.92,15.86,279,72.6,7.09,61.59,12.32,2.99,72.78,111.6,84.73,70.17,71.1,10.45,55.05,21.09,4.48,26.5,73.72,2.05,56.36,5.79,0.19,0.37
101.092,9.14,7.84,13.62,0.56,16.42,269.3,187.56,79.5,55.24,35.09,,7.46,123.36,60.84,98.72,1.49,1.12,1.12,74.46,29.67,232.16,15.3,275.08,74.46,7.09,60.28,12.69,3.17,72.04,110.29,83.05,72.04,65.69,8.4,53,16.61,4.67,23.33,72.04,2.24,56.36,6.35,0.19,0.56
101.794,8.96,8.58,13.06,1.12,17.36,269.67,190.17,70.73,52.07,35.83,,5.23,118.88,61.21,94.99,1.49,1.49,1.68,76.52,28.37,233.09,16.05,275.27,71.66,7.28,61.96,13.44,3.73,73.34,106.38,82.49,72.97,70.36,11.57,54.68,15.3,4.48,26.13,74.09,4.48,56.17,6.35,0.37,
102.497,8.96,7.28,13.06,2.43,16.42,271.35,182.7,75.02,55.05,36.58,0.37,6.91,118.88,61.03,99.66,1.12,1.68,1.31,73.53,31.17,235.33,14,275.08,75.58,6.35,62.71,13.62,,71.66,106.38,83.98,71.85,67.18,11.38,54.49,11.38,4.11,26.87,75.58,3.55,54.31,5.97,,0.75
103.2,9.14,6.91,14.56,0.75,16.8,271.54,179.72,74.09,56.92,35.65,,6.16,116.64,62.71,101.15,2.05,0.93,0.93,74.09,29.86,233.84,14.18,270.42,77.45,5.79,62.71,10.64,3.36,73.34,103.39,86.59,73.53,70.17,14.18,58.04,20.72,4.11,25.01,73.16,4.29,60.09,6.35,,0.19
103.902,9.89,7.65,14.37,0.56,13.81,253.06,189.24,75.96,55.43,38.44,0.56,6.91,124.1,61.4,101.34,12.69,1.12,1.31,74.28,32.29,233.28,16.61,270.42,79.13,6.53,62.71,13.25,3.17,75.21,102.83,85.66,72.97,70.36,13.81,61.21,19.22,4.67,25.19,79.32,8.58,59.53,5.23,0.19,0.75
104.604,8.96,5.04,13.44,0.93,15.12,243.17,192.97,71.66,56.55,40.5,,6.91,125.6,60.65,100.78,19.6,0.93,1.31,76.7,31.17,237.76,14.37,268.37,78.76,6.72,62.33,11.76,3.55,75.02,103.02,85.29,74.28,65.51,13.06,59.16,11.01,3.92,26.13,79.69,3.55,58.23,6.16,,1.12
105.305,9.33,5.41,13.44,0.93,16.05,270.98,187.56,76.7,62.33,40.31,,5.04,130.82,62.52,101.34,22.02,0.56,0.93,75.96,32.66,234.96,14.93,271.54,79.13,6.35,65.51,11.94,4.48,74.84,102.46,86.03,74.46,68.12,14.18,61.4,7.46,4.85,28.93,79.5,8.77,60.47,5.79,,0.75
106.007,10.26,5.6,15.3,1.12,17.17,293.93,184.01,78.94,56.92,39.38,,4.85,124.85,64.01,102.64,28.18,0.56,0.37,79.13,30.98,238.51,11.57,267.62,80.62,7.28,65.88,13.25,4.48,75.96,103.02,86.59,76.14,63.64,15.86,58.79,8.02,4.29,29.3,83.42,3.73,60.28,6.72,0.37,0.75
106.709,9.7,4.67,14.56,0.93,16.24,293.75,179.53,81.18,61.59,40.12,,7.28,126.53,63.45,105.44,35.65,0.19,1.31,79.88,30.98,238.88,13.62,270.42,81.18,6.91,65.13,14.74,4.67,76.89,103.76,88.65,77.64,68.68,13.25,61.4,18.1,5.23,27.81,80.06,3.55,58.6,6.72,0.19,
107.412,10.26,5.04,14.74,0.19,17.17,286.65,181.59,81.37,64.2,40.5,,6.35,124.1,63.64,105.07,36.76,0.56,0.37,79.5,31.35,237.39,12.69,272.47,81.18,7.46,65.32,16.98,5.23,76.14,105.07,92.19,78.2,65.51,12.88,60.47,18.85,4.67,29.49,80.43,3.73,62.71,6.91,0.19,0.93
108.114,9.89,5.6,14.74,1.68,16.05,263.51,183.64,80.99,65.13,41.24,,6.35,121.87,62.52,108.8,41.24,0.93,0.37,78.76,33.97,239.25,13.44,276.39,82.49,7.46,65.88,17.73,5.23,76.89,106,90.89,79.13,68.3,12.88,64.57,19.41,4.11,29.11,78.94,3.73,59.72,7.46,0.19,0.56
108.816,9.52,6.53,14,0.93,17.92,281.06,182.33,78.2,62.15,44.04,,8.77,125.97,63.27,107.12,51.32,2.43,0.37,79.32,33.59,236.27,11.57,275.83,84.35,7.09,66.06,16.61,6.16,76.89,108.62,81.55,73.72,70.54,13.06,64.76,19.41,5.23,30.05,84.54,5.04,60.65,6.91,0.56,0.56
109.518,6.53,5.6,14.18,0.37,16.42,252.88,180.47,81.93,45.91,41.06,0.19,5.79,130.45,64.2,107.68,33.41,1.49,0.75,80.25,33.22,241.68,12.69,281.24,85.1,7.46,66.06,14.74,5.79,75.77,114.4,74.65,74.09,67.74,14.93,63.83,18.29,5.41,32.1,82.67,4.11,60.47,6.53,0.19,0.56
110.22,0.75,11.01,14,1.87,16.42,253.44,164.23,80.62,51.88,41.62,,6.35,127.09,62.15,110.11,26.87,1.31,0.56,77.26,34.34,244.29,11.38,281.62,85.1,8.4,66.25,16.05,3.17,77.08,118.88,76.33,76.7,65.32,17.36,65.69,20.72,5.23,27.99,87.34,6.91,63.08,7.28,0.56,0.56
110.922,,12.5,15.3,1.49,10.08,238.51,163.86,83.61,67.37,42.92,,6.16,125.78,66.25,112.53,20.72,,0.93,77.45,35.27,242.98,12.13,284.41,86.59,8.02,67.37,18.29,4.29,75.58,119.63,75.58,79.13,67.74,18.1,64.95,21.09,5.41,32.1,87.53,3.55,61.59,7.84,0.19,0.56
111.624,,15.86,14.37,0.56,7.28,250.64,166.84,81.93,70.17,43.86,,5.6,128.96,46.28,112.72,22.21,,0.19,77.64,35.27,239.25,10.82,281.99,86.41,7.84,67.37,16.98,7.09,74.84,122.05,77.45,81.18,67.93,19.6,63.64,21.65,5.41,31.35,83.61,12.13,58.79,7.46,0.19,0.19
112.326,0.19,17.36,13.81,0.37,7.28,257.35,166.84,76.33,71.66,42.18,,5.79,131.94,44.98,114.77,16.24,,1.31,78.01,36.02,240.74,9.7,280.87,87.15,7.28,68.49,17.54,4.29,75.21,123.92,85.66,80.81,65.32,18.29,68.86,21.65,5.04,33.03,84.54,3.55,56.17,7.46,0.37,0.37
113.029,0.56,15.49,13.81,0.37,4.85,266.69,167.77,82.86,67.37,41.99,,7.84,133.06,45.72,116.45,13.81,1.87,0.75,77.45,34.53,242.61,8.77,278.82,89.02,5.6,67.93,17.17,0.19,77.64,126.53,87.9,80.25,60.47,16.42,67,23.33,5.41,33.22,87.71,4.29,43.11,9.52,0.19,0.37
113.731,0.93,8.96,14.37,0.56,3.55,262.77,138.1,84.73,63.27,43.3,0.19,6.53,133.62,46.47,116.08,13.81,1.49,0.56,77.45,34.71,242.61,8.02,281.62,89.21,1.87,67.74,19.41,2.61,79.5,125.04,88.27,82.67,55.61,15.3,69.8,24.82,5.6,34.53,85.29,4.29,39.56,8.96,0.19,0.56
114.433,0.93,0.75,14.37,0.19,1.49,259.22,118.88,89.58,61.59,45.91,,3.73,135.49,61.96,118.69,15.49,0.75,0.37,77.64,35.46,246.34,7.65,280.31,89.39,2.05,67.93,16.24,,80.25,125.97,87.34,83.05,59.72,14.18,67.93,24.63,5.79,34.53,90.33,11.2,56.92,8.21,0.37,0.19
115.135,0.75,4.48,14.93,0.37,0.93,247.46,143.51,90.14,58.97,47.03,0.19,6.35,132.69,62.52,118.88,14.74,0.37,0.37,78.2,34.34,244.29,8.21,282.18,90.14,1.12,68.49,20.9,0.19,78.76,124.66,87.9,83.05,56.55,13.06,68.12,28.18,5.79,33.59,90.14,5.23,51.32,7.84,0.37,0.75
115.837,0.56,18.66,13.25,0.56,0.93,266.69,123.36,88.09,61.77,47.78,,7.09,136.05,64.95,120.93,12.5,,1.12,78.38,35.83,242.05,3.92,277.51,90.89,1.49,69.05,18.1,1.12,78.94,120.93,86.22,82.86,63.64,12.88,67.93,29.11,5.6,32.47,89.21,7.84,40.68,8.77,0.37,0.19
116.538,0.37,13.62,15.12,0.75,1.12,286.09,103.95,88.65,60.65,48.34,,5.79,134,64.2,122.8,13.06,0.19,1.68,77.64,35.65,240.19,3.55,279.19,89.58,8.21,69.05,18.66,3.17,76.14,123.92,72.78,84.73,61.77,12.88,63.83,26.87,6.53,35.65,94.43,5.41,50.2,9.33,0.56,1.12
117.24,0.37,11.57,15.86,0.93,6.53,304.94,149.67,92.57,61.4,48.9,,5.97,136.05,57.67,124.1,12.88,0.37,0.37,80.25,33.41,245.22,4.11,280.31,91.45,3.73,67.93,20.34,0.19,76.52,121.49,47.96,85.66,59.53,12.69,69.24,28.55,6.35,33.78,92.19,4.48,61.77,11.57,0.75,0.56
117.943,0.19,12.32,14.74,1.31,7.46,305.13,181.4,92.75,63.08,48.71,0.19,6.72,140.71,51.88,125.04,13.81,0.19,0.56,78.94,35.27,239.25,5.23,279.19,92.38,3.92,67.37,20.53,8.96,76.89,120.93,49.46,85.85,59.72,11.94,69.8,26.13,5.97,33.22,92.57,4.67,64.2,11.38,0.37,0.56
118.645,0.19,13.06,14.93,0.37,6.16,299.53,188.3,93.13,62.71,48.34,0.19,6.53,143.51,55.24,125.6,12.32,0.19,0.56,80.62,35.65,241.86,4.11,282.18,92.57,5.41,69.24,19.6,5.6,74.84,121.12,85.29,86.78,52.07,12.32,72.78,26.13,6.72,39.94,94.8,5.04,66.06,10.82,0.93,0.37
119.347,0.37,14.74,13.81,0.19,6.53,301.02,190.54,92.01,67.56,49.27,0.19,7.09,142.02,55.24,128.96,12.69,0.19,1.12,79.88,36.02,243.73,0.37,281.62,92.57,10.82,69.05,17.73,6.91,73.9,120.19,89.39,87.34,56.55,13.06,72.04,25.19,6.53,36.21,93.31,6.91,67.56,10.45,0.93,0.75
120.049,,16.8,14.56,0.37,7.46,299.16,189.24,91.63,66.44,47.59,,6.35,143.89,55.24,131.01,11.38,1.68,1.12,81.55,38.26,242.05,,282.55,92.57,10.82,69.98,18.1,3.73,74.84,121.87,87.34,87.15,53.75,14.74,70.92,25.19,7.09,33.03,96.3,8.58,66.44,9.89,1.87,0.19
120.751,,16.98,15.49,0.93,6.35,306.06,184.38,94.62,67.93,47.96,,6.35,143.89,55.24,129.14,11.38,1.87,0.75,79.88,36.95,244.29,0.75,281.99,96.86,11.76,71.48,19.6,2.8,75.58,121.12,87.71,87.34,54.68,12.88,69.42,24.07,6.35,36.39,100.78,3.73,67.74,9.14,0.75,0.93
121.453,0.19,20.53,15.49,2.24,6.72,310.36,194.65,89.58,66.25,49.64,,5.23,148.55,55.61,129.7,12.88,1.31,1.31,82.86,38.26,243.73,0.75,279.75,94.43,11.38,71.29,17.92,0.19,75.21,121.12,86.03,84.35,53.37,13.06,70.54,24.26,6.91,37.7,100.4,0.75,67.18,9.7,1.12,1.31
122.155,0.19,18.48,15.3,0.19,6.72,296.73,193.53,91.07,67.18,50.2,0.19,6.16,149.11,54.68,130.82,11.2,,0.93,81.37,36.58,243.36,4.67,278.26,96.11,10.64,70.36,17.54,,77.26,121.87,87.9,86.22,64.76,13.62,69.8,22.21,7.09,38.44,99.28,,67.74,11.57,1.31,1.68
122.858,0.19,19.22,15.86,0.56,6.91,298.23,152.29,93.69,68.12,49.27,,5.79,149.86,55.99,132.88,11.94,,1.87,81.55,36.76,245.22,8.21,275.64,97.79,11.2,72.04,18.1,3.36,80.43,122.05,85.29,87.34,68.3,12.5,72.04,20.72,7.65,39.19,99.1,,71.1,14,0.93,1.12
123.56,0.37,18.66,15.3,,6.16,308.49,151.91,95.18,70.17,51.32,,5.41,147.99,58.6,131.38,13.25,,1.31,81.93,37.7,244.1,9.33,278.44,97.23,11.57,71.1,19.41,11.01,78.57,122.43,85.29,88.09,61.77,14,73.72,20.16,8.4,38.82,102.46,8.4,68.68,12.69,2.05,0.56
124.262,,4.11,15.68,1.49,6.16,310.92,148.55,91.26,69.98,49.08,,5.04,153.4,56.55,133.62,12.69,0.19,1.68,81.55,40.12,247.65,24.63,276.76,97.23,11.2,71.85,20.16,0.93,77.64,124.1,88.46,87.34,60.47,13.44,72.78,18.66,7.65,38.26,103.76,20.53,68.86,11.94,0.56,0.37
124.964,0.19,1.31,15.12,1.31,6.72,312.04,153.59,96.67,69.42,51.69,,11.01,151.54,57.11,133.81,10.26,,1.87,82.3,38.63,244.48,34.9,277.32,97.04,11.76,69.8,19.78,10.26,78.94,123.73,84.54,86.59,65.32,14,71.85,18.29,6.72,34.34,106.94,33.03,70.54,11.76,2.05,0.75
125.667,,1.87,15.86,1.49,7.09,304.57,150.23,96.3,64.76,48.9,0.56,11.94,156.39,58.6,133.06,12.88,,2.05,88.46,39.75,247.28,45.16,274.9,98.35,11.76,71.85,20.9,14.37,77.64,125.04,86.97,88.46,62.71,15.12,70.17,16.98,7.46,34.9,103.58,31.54,69.61,11.38,2.05,0.19
126.368,,21.09,14.74,1.68,6.35,314.09,151.17,96.86,60.65,48.71,0.19,11.57,152.47,56.17,134.56,11.76,0.56,5.6,88.65,37.51,242.8,48.52,279.75,99.47,13.44,70.92,20.72,15.68,80.81,125.22,85.66,90.51,64.01,15.49,70.54,18.29,7.65,35.46,104.14,29.49,72.6,12.69,2.24,0.19
127.07,0.19,21.28,15.68,1.87,16.42,310.17,154.15,100.03,64.57,51.69,,11.94,150.05,57.48,134.18,9.89,0.93,5.23,89.39,40.5,246.16,51.69,278.63,100.22,12.13,72.22,22.21,13.62,78.94,126.16,86.59,88.46,66.06,14.37,66.62,15.3,7.65,34.9,103.95,25.01,71.85,16.05,1.87,0.19
127.772,0.19,21.46,15.3,1.87,19.22,308.12,158.07,98.16,62.71,49.64,0.75,11.76,149.49,60.84,137.36,9.89,0.56,5.97,91.26,39.56,248.02,55.8,279.38,98.91,12.13,73.53,21.65,8.96,79.69,126.53,88.09,92.19,71.29,17.54,65.88,14.93,11.38,33.22,105.07,22.58,73.16,15.12,2.61,0.19
128.473,,22.58,15.86,0.37,15.68,309.42,157.88,100.22,58.41,51.88,0.75,11.01,136.05,27.43,137.73,9.33,1.12,5.6,90.89,39.75,247.28,52.44,280.5,97.23,12.69,73.16,22.77,1.49,78.38,126.16,86.22,89.95,71.85,18.48,63.08,11.94,12.13,34.34,102.27,21.65,70.17,15.49,2.8,0.56
129.174,,22.58,15.3,0.56,17.17,324.54,153.4,101.15,61.03,50.76,1.12,12.32,145.19,12.5,140.53,8.21,1.68,6.72,92.94,41.43,248.96,54.68,280.5,101.15,12.13,71.29,25.19,4.29,81.37,127.28,86.78,91.45,64.95,19.22,60.47,11.2,10.82,36.39,103.95,31.91,72.41,15.68,4.11,0.37
129.875,0.19,23.33,15.3,0.19,16.98,323.05,168.15,100.03,62.89,51.88,1.68,10.64,149.11,11.94,138.1,8.96,1.68,5.41,91.63,39,247.65,49.46,279.38,95.55,12.32,72.22,22.58,11.94,80.99,127.09,86.41,89.95,65.88,18.1,61.59,10.26,9.89,36.21,103.58,22.58,71.48,18.66,4.48,0.37
130.576,0.19,21.65,16.05,0.56,16.05,325.66,171.69,99.1,65.51,52.07,0.37,9.14,150.79,20.16,141.46,8.4,2.61,6.53,95.55,40.5,246.53,53.75,279,98.54,10.82,71.85,24.45,11.2,81.18,125.22,87.34,93.31,57.85,14.37,60.47,8.58,9.7,35.09,108.62,22.02,72.78,15.49,1.49,
131.277,,21.84,15.12,,15.3,312.41,178.23,100.96,67.93,50.02,0.19,3.92,151.35,64.01,140.9,9.52,1.68,5.41,94.8,41.24,248.96,57.67,275.27,98.16,12.32,72.04,22.95,11.2,81.18,127.46,87.71,93.69,61.59,14.56,58.6,11.2,10.82,35.83,105.26,24.07,70.92,17.36,2.99,0.19
131.98,0.19,22.95,16.05,0.75,16.42,321.93,180.65,96.48,67.93,50.2,,9.7,150.79,63.27,141.65,7.65,1.12,5.79,97.98,41.43,251.94,55.43,280.5,97.23,11.76,72.6,24.26,13.44,81.18,128.77,87.34,91.63,61.96,18.66,58.23,12.69,7.28,33.41,107.31,27.25,72.41,16.24,3.73,
132.682,0.37,22.02,15.12,0.37,14.56,319.69,189.61,97.79,64.57,51.51,0.37,4.85,165.16,66.44,144.45,6.16,1.87,6.53,96.48,42.18,248.02,56.36,276.58,97.6,12.32,72.78,24.07,9.33,81.18,130.45,89.21,93.69,62.71,27.81,2.24,11.94,7.84,36.02,103.58,27.43,73.72,17.17,3.55,0.75
133.384,0.19,23.51,15.12,0.37,15.3,318.57,182.52,98.35,69.98,50.95,,5.23,167.22,66.06,141.09,9.89,1.68,5.79,98.16,42.36,245.22,57.29,278.26,100.59,12.13,71.85,25.01,14.56,79.13,129.52,90.33,95.55,64.01,28.55,,10.45,8.21,36.95,108.62,26.5,70.54,18.29,4.29,0.19
134.086,0.37,22.39,16.24,0.19,16.61,316.51,172.07,97.23,67.74,51.51,0.37,8.4,163.48,67.74,144.26,10.26,1.68,5.79,100.03,42.36,249.52,58.6,281.62,98.16,11.94,75.96,28.37,12.13,79.88,128.58,87.71,93.31,70.73,26.87,38.44,10.82,8.02,36.95,106.75,24.26,71.85,16.61,5.23,0.37
134.788,,24.07,15.12,0.37,15.12,324.17,182.33,96.86,67.56,50.76,0.19,9.52,165.16,66.44,141.65,8.58,1.49,6.35,99.47,42.18,251.01,61.4,278.44,100.78,3.73,71.85,30.42,10.08,77.64,126.72,86.78,94.06,57.11,24.82,83.61,8.21,8.02,36.21,108.62,23.7,72.6,18.29,6.35,0.37
135.49,0.19,20.53,16.24,0.19,8.58,306.62,171.51,95.18,65.32,46.1,0.37,9.14,174.12,52.44,143.33,9.52,2.61,6.53,101.52,42.55,248.02,61.03,277.7,99.1,,73.53,28.55,9.52,78.38,124.85,87.71,95.55,65.51,29.49,86.41,8.02,9.33,35.27,93.31,24.07,72.6,16.98,5.97,0.37
136.191,0.19,20.53,14.74,0.37,9.33,304.76,168.71,96.3,63.83,44.04,1.12,10.45,172.07,53.19,148.55,9.33,2.43,5.79,101.34,42.55,250.45,60.47,281.62,100.4,,73.72,26.13,9.33,76.89,125.22,86.41,97.42,66.81,24.26,87.9,6.91,8.96,33.78,101.9,25.94,70.54,18.48,8.4,0.56
136.894,0.37,19.6,15.3,,8.77,306.44,174.68,100.22,63.08,50.39,0.19,7.84,171.69,54.68,145.38,7.65,2.24,,100.59,44.42,247.65,58.79,280.87,98.72,,73.16,28.18,11.2,78.01,120.93,85.85,96.11,64.2,25.19,89.95,,8.21,24.82,108.99,29.67,72.04,19.04,6.53,0.75
137.596,0.19,19.97,14.56,1.49,4.85,328.64,167.77,97.04,66.06,52.44,,10.82,169.83,51.88,147.62,7.84,2.43,5.6,101.52,42.18,247.46,62.15,280.31,100.59,,74.65,27.62,9.14,75.77,121.31,85.29,97.79,66.06,29.11,90.14,,8.4,16.61,111.6,29.67,72.22,19.78,7.65,0.37
138.298,0.19,20.53,15.49,2.8,5.6,316.89,167.22,95.55,67.18,54.68,0.19,9.33,169.83,46.28,147.81,6.53,2.05,5.04,99.28,43.11,246.72,67.37,277.32,100.03,,74.46,25.19,9.7,78.76,118.69,83.98,96.48,67.18,29.49,89.21,,7.84,17.73,104.51,29.86,72.22,19.04,5.6,0.37
139,0.56,20.9,16.24,2.24,5.97,321.74,173.75,99.28,67,52.81,,10.26,175.05,36.21,151.91,7.46,1.31,6.16,101.52,43.67,247.28,65.69,281.43,99.28,,74.28,26.87,11.38,78.01,119.63,85.47,94.99,75.58,34.9,94.62,,8.77,41.8,110.67,34.15,70.92,19.6,9.52,0.37
139.702,,20.72,16.8,1.31,4.29,304.57,169.45,102.08,67.37,54.31,0.19,9.33,168.71,21.84,150.61,9.89,1.12,5.79,101.52,42.36,247.28,67.18,280.31,101.52,,74.65,19.41,10.82,78.2,118.69,86.59,98.16,77.64,34.34,95.74,10.64,8.58,43.11,109.18,35.65,71.29,17.36,8.96,0.37
140.404,0.37,12.69,15.86,2.61,5.97,282.18,167.77,101.34,72.97,53.37,0.37,8.58,162.74,20.34,153.96,9.52,1.12,6.53,103.2,42.74,249.89,64.57,279.19,100.59,,74.46,29.11,10.26,76.7,118.13,85.1,98.91,76.7,32.29,97.23,18.66,7.65,42.18,107.31,34.53,70.54,18.85,8.96,0.56
141.106,,20.9,16.61,1.68,6.16,277.32,175.61,104.88,70.73,53.75,,8.21,170.2,51.51,154.15,6.72,2.61,6.53,103.58,44.6,248.58,66.06,277.51,99.66,2.8,77.45,31.73,11.94,78.94,117.95,86.97,95.92,83.98,33.41,96.86,18.1,8.4,44.42,105.82,36.95,70.36,17.36,8.58,0.19
141.808,0.37,19.97,15.86,2.05,4.29,308.49,170.39,105.07,65.51,55.43,,9.89,170.01,54.87,153.4,9.7,0.37,6.16,103.2,44.23,251.57,66.25,283.3,101.34,5.79,76.14,34.71,8.21,78.2,118.51,84.91,98.16,79.88,36.58,93.69,12.32,7.84,42.18,108.8,35.83,70.54,18.85,10.64,0.56
142.51,0.93,18.29,14.56,3.17,3.17,318.38,174.31,96.48,64.01,54.12,,10.08,171.69,55.24,156.76,9.7,0.19,5.97,104.32,42.74,248.58,65.69,280.87,99.28,5.6,78.76,35.83,11.01,77.26,120,88.27,100.59,84.17,42.74,95.55,14.93,9.14,42.36,112.53,37.51,71.1,18.85,12.5,0.75
143.212,0.37,17.92,12.69,3.55,5.41,317.45,175.99,102.08,64.01,55.99,,10.64,178.97,53.75,148.93,8.58,0.19,5.23,104.32,44.23,249.33,65.69,276.95,99.28,8.77,77.82,37.14,4.85,80.06,120.93,86.97,97.23,86.03,42.92,97.79,16.8,8.58,43.48,109.73,37.14,72.22,18.85,12.13,0.56
143.914,0.56,20.16,11.76,2.61,5.41,320.99,170.2,101.52,67,56.55,,8.02,173.19,55.8,145.94,8.02,0.19,4.85,104.88,44.04,247.28,64.57,279,97.04,11.2,77.26,37.32,8.02,78.38,122.8,85.47,101.9,86.22,39.94,98.16,15.68,9.14,43.86,111.79,37.88,73.34,20.34,12.88,1.12
144.616,0.93,18.66,11.57,2.24,5.79,323.79,167.77,106.75,71.66,55.8,0.37,10.45,182.15,55.8,148.37,8.21,0.37,5.23,106.38,46.28,248.4,60.47,280.5,96.48,11.94,81.18,38.82,10.26,78.76,127.46,84.54,100.4,86.22,42.55,94.8,13.62,8.96,47.4,111.23,38.07,71.29,19.78,13.81,0.56
145.318,1.12,20.16,9.89,2.8,6.35,316.33,166.28,100.96,64.76,57.11,,11.38,176.36,60.47,145.38,7.84,1.49,3.17,105.82,43.48,246.9,63.64,275.46,97.98,11.38,81.74,38.26,14.18,81.93,132.13,85.1,100.03,86.41,41.24,96.11,13.62,9.89,47.22,109.18,40.31,74.65,22.21,14.74,0.93
146.019,0.19,17.73,10.45,2.8,5.04,295.43,172.44,102.08,68.49,57.11,,10.64,172.07,63.45,143.89,11.2,2.05,1.49,105.63,44.98,250.45,60.09,281.06,95.36,11.76,81.18,36.39,10.64,81.74,136.05,84.73,97.6,82.67,42.92,95.36,14.18,8.77,45.54,111.23,47.59,75.4,19.78,13.25,1.12
146.722,0.19,18.85,10.26,4.11,4.67,287.59,173.37,96.48,68.12,56.55,,9.89,177.11,63.64,146.31,10.45,2.24,1.87,104.88,46.1,245.22,63.83,275.64,95.55,12.13,82.49,38.82,12.69,83.42,138.66,84.73,100.59,83.42,38.44,94.8,15.49,8.58,44.79,113.09,45.35,73.53,20.72,14,
147.425,0.56,19.04,10.26,2.8,1.68,341.71,174.31,101.15,65.69,55.8,0.19,9.89,178.41,67,140.9,7.65,1.49,1.31,105.07,43.67,245.97,60.28,271.35,95.55,12.32,83.98,41.06,16.24,81.37,138.48,82.86,100.03,75.77,37.88,97.23,15.68,8.77,46.1,113.09,42.74,75.58,21.28,15.68,0.19
148.127,0.19,17.17,10.08,3.55,0.75,348.24,170.2,103.76,67.18,57.67,,10.08,177.85,64.57,139.41,9.7,2.43,2.24,104.7,46.28,248.4,60.84,270.79,96.11,12.69,81.37,37.51,17.54,81.18,138.29,83.98,103.02,71.1,34.71,94.25,14.37,8.4,46.66,109.36,43.48,73.9,22.58,14,
148.829,0.56,18.66,11.57,4.67,0.19,349.92,169.64,105.07,75.96,56.73,,10.45,173.93,64.95,145.01,8.4,1.68,2.43,106.75,45.91,248.77,41.06,269.3,96.48,12.32,81.37,39.94,15.12,82.11,137.17,84.91,103.76,67.37,42.36,93.5,12.69,8.96,47.78,110.11,43.48,73.34,23.7,15.12,0.93
149.531,0.75,19.78,11.94,5.04,,346.56,178.97,101.34,79.13,56.17,,10.08,178.41,64.76,141.27,8.58,0.37,1.31,106.75,45.72,246.72,40.5,272.47,95.18,12.13,84.17,40.12,13.25,83.23,138.66,86.03,101.52,62.33,43.67,91.07,10.08,8.21,46.1,108.8,44.6,75.02,22.58,16.8,0.75
150.233,1.49,18.29,12.13,4.29,,344.13,180.65,102.83,76.52,56.92,,10.45,169.45,64.39,141.83,10.82,1.87,1.49,106.56,49.83,247.09,40.5,274.71,96.67,12.69,83.23,40.12,4.67,80.99,138.29,83.98,88.09,59.35,40.5,89.39,9.7,8.96,49.64,110.48,46.1,74.28,22.39,14.93,0.19
150.935,0.93,20.16,12.32,6.35,0.19,336.67,188.3,98.35,79.32,58.41,0.19,11.2,176.92,63.08,139.78,12.69,2.8,1.68,106.75,47.78,252.32,59.35,273.59,97.6,11.94,83.42,42.18,13.06,82.86,140.53,84.73,101.9,54.87,39.75,89.02,7.28,9.52,46.28,107.68,47.4,72.22,22.02,16.61,0.75
151.638,0.19,19.41,12.69,4.85,0.93,325.66,187.18,105.07,81.18,58.79,,10.82,177.29,63.45,141.65,12.13,2.43,1.87,106.38,49.83,228.05,64.01,277.7,97.98,11.76,83.05,39.38,16.05,81.74,140.15,85.47,112.35,51.69,39.94,91.45,4.67,8.21,33.78,112.16,45.91,73.16,21.84,16.98,0.56
152.339,0.75,23.33,14,4.85,0.75,276.95,173,104.51,80.43,58.04,,11.2,171.32,63.08,146.13,11.01,2.61,2.43,106.19,48.15,210.51,64.39,269.11,96.3,11.76,85.47,37.51,11.38,82.3,137.73,83.98,97.6,61.96,39,92.75,1.68,8.96,29.3,108.62,47.22,71.48,23.14,19.6,0.93
153.041,0.93,19.04,13.06,3.36,0.56,274.15,178.41,103.95,81.93,56.73,,11.2,180.65,63.08,145.75,12.5,2.8,1.68,106.38,47.4,234.96,72.22,270.6,97.04,12.69,82.67,35.83,5.41,81.93,137.73,83.79,80.06,60.65,39.56,94.43,0.19,9.14,48.34,111.23,47.22,74.09,23.51,19.41,0.19
153.743,0.37,21.09,13.62,5.6,1.31,346.56,173.75,102.46,80.62,59.35,,9.52,176.55,63.83,142.02,14.93,2.24,1.87,106.19,48.9,246.53,70.54,265.94,96.86,11.2,81.93,38.26,14.18,81.55,136.42,83.42,70.92,49.64,32.66,94.99,,7.84,45.16,112.53,48.52,74.28,23.33,19.22,1.68
154.445,0.93,20.34,13.62,5.79,0.93,348.8,172.63,100.78,80.81,58.23,,10.08,176.73,62.33,145.57,14.74,1.68,2.24,105.82,47.78,247.84,70.73,266.31,96.11,11.01,84.54,36.02,11.57,81.74,137.36,82.86,59.91,45.16,35.83,96.3,,7.84,44.98,112.16,47.22,74.28,21.84,18.66,0.75
155.147,0.93,20.16,13.25,7.09,1.68,339.66,177.48,101.15,82.3,50.39,0.19,10.08,181.4,62.15,141.83,12.5,1.68,2.24,106.94,48.9,244.85,72.41,272.47,97.42,11.57,83.05,34.71,16.24,81.18,137.92,82.49,34.15,57.29,33.22,95.92,,7.84,45.35,110.67,51.51,73.34,24.07,19.22,0.93
155.849,0.93,21.84,13.06,8.21,2.43,339.1,176.17,100.96,82.49,49.08,,10.26,185.5,61.59,140.9,11.76,0.75,2.61,105.82,48.15,239.63,75.58,272.28,99.84,11.2,84.73,35.09,10.45,82.11,139.97,83.42,14.56,63.64,28.74,95.18,,8.02,44.42,98.54,52.44,72.22,25.19,21.65,0.56
156.551,0.56,23.14,12.88,8.21,1.87,339.84,178.79,104.14,80.99,46.47,,11.2,179.16,63.64,141.83,10.64,2.05,2.24,104.7,47.96,232.35,73.16,265.01,96.48,11.38,84.17,41.06,17.73,83.79,140.71,84.54,106.56,63.64,29.11,94.62,,8.4,47.78,88.46,50.95,71.29,25.19,22.02,0.56
157.254,1.31,25.19,12.5,7.65,0.75,345.07,180.84,105.44,82.11,52.25,,11.57,181.4,60.84,139.97,16.24,2.61,2.05,106.56,50.58,232.72,72.97,270.79,97.42,11.57,83.79,36.21,15.86,86.59,142.02,83.98,122.05,67,29.49,97.23,,8.21,44.04,80.25,52.07,73.16,24.82,25.38,0.56
157.956,1.31,25.19,11.2,7.65,1.49,359.06,189.24,108.24,76.7,56.73,,9.33,178.23,61.4,139.22,14.93,2.05,2.61,106.38,49.83,230.11,75.02,267.43,97.6,11.2,82.67,39.75,15.86,85.47,141.09,84.35,121.12,64.39,30.42,94.62,,8.21,46.84,60.84,53.75,72.04,25.01,22.95,0.56
158.658,1.31,26.5,10.45,8.96,1.68,351.23,176.17,104.14,76.33,58.41,,9.89,183.08,64.01,140.9,14.93,2.99,3.73,106.75,50.95,234.59,72.78,267.06,98.54,10.64,84.73,36.95,16.24,85.85,142.95,84.54,121.12,70.36,20.53,95.92,,8.21,44.04,61.96,52.07,72.97,26.69,23.14,1.49
159.36,1.87,27.99,8.4,8.21,2.24,338.35,182.33,105.82,75.77,58.04,0.19,11.94,182.52,60.65,140.71,14.18,1.68,2.99,108.8,50.2,230.67,71.29,264.45,99.47,11.76,84.17,35.46,18.48,84.17,140.9,85.1,121.31,68.68,29.3,94.8,,11.57,46.1,64.01,55.8,71.29,27.06,25.94,1.31
160.062,0.93,25.01,10.64,9.33,1.87,342.83,173.93,101.9,78.76,60.84,,9.7,182.52,70.92,139.59,13.44,1.31,2.99,102.08,50.76,236.27,71.66,265.38,97.98,10.82,83.61,35.46,18.66,85.47,143.14,85.29,122.8,70.73,31.54,95.55,,10.64,46.47,93.13,53,74.28,26.69,23.7,1.31
160.764,0.93,26.13,8.4,9.7,0.93,347.68,181.77,102.08,79.88,61.59,0.19,12.32,182.89,72.22,140.34,14.37,2.24,2.24,75.96,50.2,229.92,72.04,266.5,97.42,10.26,85.47,35.83,18.1,86.78,145.57,84.73,105.07,74.09,30.61,94.99,,10.45,47.78,109.55,52.07,74.28,27.81,27.43,1.87
161.466,1.49,28.37,6.35,9.52,0.19,340.96,178.41,101.34,76.89,61.03,,10.82,190.92,74.28,141.09,11.76,0.56,2.8,71.48,50.39,228.8,68.49,266.31,97.42,9.7,85.29,38.63,7.09,86.22,144.82,85.1,95.55,75.96,31.17,95.74,,12.69,46.47,108.62,54.49,71.48,27.43,25.57,1.87
162.169,1.87,28.74,5.41,10.26,0.19,338.35,180.09,104.32,80.06,63.27,,11.2,192.22,74.65,147.43,11.2,2.05,1.87,90.7,50.58,234.59,68.68,262.21,99.28,10.45,84.54,39.56,19.22,87.9,144.63,85.85,97.98,73.53,28.93,96.11,0.19,12.13,47.22,111.97,53.37,73.16,27.25,26.87,2.05
162.871,1.31,30.05,4.67,9.14,0.19,347.12,177.85,104.14,80.81,63.27,,10.82,186.06,73.34,143.7,12.32,1.68,1.87,101.71,50.95,234.03,70.36,261.83,101.34,8.96,83.23,40.87,20.34,86.97,147.43,87.15,100.59,72.04,31.91,94.99,16.05,11.57,47.96,113.65,53,73.16,27.81,27.81,0.75
163.573,1.87,29.49,5.79,9.52,1.31,356.45,179.91,106.94,79.5,61.21,0.19,11.38,187.18,63.27,144.07,12.5,1.12,2.43,106.38,50.58,232.72,66.06,261.65,100.96,9.33,84.91,43.11,19.41,86.78,145.38,84.73,99.28,66.44,33.41,95.36,27.81,12.88,46.84,114.03,56.55,73.16,29.86,27.43,2.43
164.275,1.68,29.86,5.79,8.77,2.99,355.71,177.67,104.7,78.94,61.4,,11.94,186.62,52.81,147.06,10.26,0.19,2.99,108.99,50.02,230.85,69.8,262.39,99.28,9.7,85.29,44.79,17.17,87.9,147.06,82.67,100.22,66.62,37.51,95.74,30.98,11.38,45.16,112.53,53.75,75.02,29.3,30.05,1.87
164.977,1.87,29.86,4.85,11.2,2.43,357.94,176.36,102.46,80.81,62.89,,10.26,186.25,52.63,144.82,10.45,,1.87,106.75,50.95,232.53,67.37,255.67,102.64,11.2,86.97,44.98,20.16,86.97,147.62,84.73,101.34,74.65,36.02,95.36,26.87,13.06,45.35,111.6,55.43,77.45,29.86,29.49,0.93
165.678,3.17,29.49,5.79,11.38,2.24,350.48,176.92,106,82.49,64.01,,10.45,192.22,53.75,145.57,9.89,,2.43,105.26,52.44,235.15,72.04,258.66,101.52,9.89,85.66,44.42,21.09,87.15,147.06,86.22,102.83,74.09,39.38,94.99,25.57,7.84,47.22,114.59,56.92,75.77,27.06,29.67,0.93
166.38,1.49,28.93,4.85,8.77,4.11,358.69,185.88,106.19,82.3,61.77,0.19,9.33,194.84,71.66,146.5,9.33,,3.92,100.96,53.37,234.59,70.17,263.89,101.34,11.2,87.15,48.71,18.66,88.09,147.06,86.41,103.02,65.88,41.8,95.36,25.38,8.58,47.59,117.39,58.41,75.21,29.3,31.35,2.05
167.083,1.68,31.17,4.85,8.21,3.36,372.31,181.4,109.36,73.16,63.64,,11.38,189.05,75.4,146.31,10.82,,3.55,101.52,53.37,231.23,72.78,258.66,99.28,9.7,87.9,48.52,21.65,88.65,150.98,84.54,102.08,66.25,40.87,95.18,26.31,8.02,45.91,117.57,55.99,78.01,29.11,32.47,0.75
167.785,1.12,32.1,4.67,9.52,3.73,365.97,185.32,109.36,80.06,61.77,,10.82,192.6,72.22,145.19,9.33,0.93,2.99,101.71,55.43,232.35,67.74,253.81,101.71,9.33,85.47,49.64,19.22,88.65,148.18,83.42,101.9,58.6,40.5,96.3,27.06,8.4,48.71,116.83,58.6,77.08,27.99,30.79,1.31
168.487,1.12,32.1,5.6,9.7,6.16,360.18,186.81,109.18,80.81,62.52,,11.94,206.59,74.65,139.78,8.4,0.56,2.24,99.84,55.05,231.23,72.22,265.38,100.22,10.82,86.03,47.22,23.7,86.97,149.67,84.91,105.44,68.12,43.48,95.36,27.06,6.91,45.35,116.83,58.41,79.5,31.54,32.66,1.49
169.189,0.75,30.23,,11.2,6.35,351.41,184.01,104.88,73.16,60.84,,10.45,201.37,68.3,142.77,8.21,0.56,2.8,99.84,57.11,228.24,70.73,260.34,101.15,10.08,86.78,40.87,23.33,88.09,149.67,83.05,104.32,68.49,43.3,96.86,26.87,7.65,47.78,118.32,57.11,78.01,31.35,33.03,2.05
169.891,1.31,29.11,,11.76,5.97,356.45,188.12,104.32,74.09,66.81,,12.32,200.43,63.45,144.26,9.7,0.37,2.43,98.35,58.23,231.41,71.29,256.23,105.26,9.33,87.34,39.75,19.04,88.65,150.79,82.3,105.44,72.97,47.59,96.67,17.92,7.84,49.46,118.32,55.8,77.08,30.42,34.71,2.43
170.593,2.05,28.18,4.85,11.2,5.6,350.48,183.26,107.68,68.12,61.4,,10.82,196.89,58.6,144.45,10.08,0.37,2.43,101.71,55.8,230.29,72.04,253.62,100.59,9.33,86.78,40.31,23.33,88.46,151.35,82.86,111.23,74.46,44.42,94.99,11.76,7.28,48.52,115.52,55.43,79.13,31.35,35.46,0.75
171.295,1.87,28.74,13.62,13.25,5.23,356.83,186.25,106.19,67.74,63.27,,10.08,196.14,59.16,145.57,9.52,1.12,3.73,101.71,56.17,234.4,69.8,249.89,101.15,9.33,86.78,45.54,23.51,88.65,150.79,84.17,97.04,66.81,44.04,95.74,21.28,7.46,47.03,118.13,56.92,78.2,31.73,32.85,2.05
171.997,1.68,29.67,17.73,11.94,5.6,373.62,194.84,102.46,60.84,65.13,,10.82,196.52,58.79,146.13,9.14,0.56,4.11,100.03,55.05,230.67,73.9,252.5,100.03,8.21,87.53,47.96,25.94,89.58,151.54,85.47,87.34,74.84,38.44,97.98,33.97,7.09,49.83,117.76,56.92,77.26,30.61,35.09,1.68
172.699,1.31,29.86,18.85,13.06,6.72,385.75,181.96,104.88,58.6,64.76,,11.38,200.99,58.41,153.96,7.65,,2.99,98.91,56.92,232.16,71.1,252.13,100.03,8.77,86.59,51.88,25.19,89.77,153.22,85.1,66.44,67.74,45.91,95.74,34.34,7.28,48.15,115.71,57.48,78.2,32.47,37.51,0.75
173.401,2.05,27.99,17.17,12.5,11.76,368.58,185.69,104.32,51.13,64.39,,10.45,196.89,57.48,146.13,10.26,,3.36,100.4,58.6,242.24,70.54,248.77,98.16,8.02,88.09,49.08,21.84,90.14,154.71,83.61,50.58,67,47.4,94.8,39.38,7.84,48.9,114.4,59.16,77.82,32.1,33.97,2.43
174.103,2.24,31.35,18.1,12.5,8.4,353.47,187.56,104.32,38.26,65.13,,9.14,197.45,58.23,148.93,10.26,,5.23,100.4,55.24,249.7,69.61,251.2,101.34,8.02,86.59,50.58,21.28,90.51,153.03,85.85,39.19,74.09,48.52,96.48,41.62,7.84,51.13,117.95,55.99,78.57,32.66,37.51,2.43
174.805,1.87,31.35,16.98,12.13,5.97,360.74,185.5,106.75,34.53,64.39,,13.25,203.98,59.53,149.67,7.28,,3.92,100.78,57.11,242.61,69.8,250.08,101.34,7.46,87.34,55.24,20.53,89.39,153.96,82.67,32.1,73.16,45.91,94.25,43.11,7.28,46.1,115.52,56.73,78.94,33.78,37.88,2.8
175.507,2.05,31.91,16.61,12.13,5.79,365.6,191.66,111.41,30.42,65.51,,11.2,201.55,65.13,149.86,8.21,,4.85,107.31,57.85,244.66,78.38,252.69,98.91,8.4,86.59,55.43,23.33,90.7,152.66,81.93,76.14,64.39,49.83,95.18,44.6,8.02,46.47,117.39,59.35,77.64,34.9,36.21,2.8
176.209,2.24,31.35,16.8,14.18,7.09,373.06,185.32,105.63,30.61,67.93,,12.32,200.99,65.69,153.4,8.96,,4.85,106.19,59.35,246.34,85.29,248.77,99.28,7.28,86.78,54.49,21.09,90.89,152.47,82.11,103.95,78.01,49.83,94.8,42.92,7.65,48.15,117.76,55.99,79.32,33.41,37.88,2.24
176.912,2.24,29.3,16.98,12.69,6.16,358.88,177.48,106.94,30.05,65.88,,13.62,198.75,72.41,159.75,10.64,,5.6,104.7,58.6,238.13,74.09,247.09,101.15,7.09,88.09,54.12,21.65,92.38,154.15,83.61,122.43,75.4,49.64,96.48,39.94,7.28,49.08,113.84,55.61,78.94,35.09,38.82,1.49
177.614,1.87,33.97,17.73,12.5,6.53,360.93,187.74,108.06,42.18,65.13,,13.62,208.09,47.59,153.22,10.45,,4.11,108.8,58.04,227.68,77.26,249.33,98.91,6.91,87.34,54.68,23.51,92.19,154.52,83.42,121.49,74.65,47.22,93.87,41.8,7.28,49.46,115.89,55.43,78.76,33.22,40.5,1.68
178.315,2.8,33.41,16.98,11.38,5.41,362.61,187,105.82,51.51,65.51,,12.69,275.08,47.4,154.15,12.13,,4.29,107.12,61.21,228.24,77.64,250.82,99.28,7.09,86.22,55.43,30.42,92.38,157.32,84.54,125.22,74.28,47.03,95.55,40.31,6.91,50.02,115.33,55.99,79.69,36.21,38.82,2.05
179.017,2.05,30.98,16.61,11.76,5.79,377.17,194.28,103.76,58.04,65.32,,10.82,321.18,46.47,150.42,9.89,,4.11,107.31,58.97,225.63,79.5,247.28,99.28,5.41,87.71,54.12,27.25,91.26,156.76,83.42,126.72,76.33,48.9,94.06,41.8,6.72,49.46,119.25,62.15,78.01,36.21,41.06,2.99
179.719,2.61,33.22,16.61,12.13,5.6,364.85,180.84,106.38,67.74,66.44,,10.82,318.94,47.22,149.86,9.89,,4.85,105.26,57.67,225.07,78.76,251.38,100.78,6.72,88.65,53.56,28.93,92.57,162.92,83.05,126.16,75.02,49.46,96.86,42.36,6.35,49.27,117.39,55.24,77.64,37.88,44.79,2.8
180.421,1.68,24.45,14.93,13.44,6.16,365.6,177.48,109.55,75.96,65.69,,11.2,325.1,46.28,156.2,10.08,,4.29,98.54,57.85,226.56,82.3,245.04,100.03,6.53,88.83,52.44,27.43,90.7,167.22,81.55,126.34,75.21,47.96,95.18,43.11,6.53,49.27,116.45,55.99,76.52,36.21,43.3,2.05
181.124,1.49,1.12,14.37,10.08,7.28,366.9,184.2,105.26,75.96,68.49,0.19,13.44,323.79,46.66,151.54,8.96,,6.35,95.36,58.79,226.56,80.62,247.65,99.66,6.16,87.71,52.07,28.74,92.01,172.63,82.3,128.4,75.77,50.39,96.48,41.06,6.35,45.91,118.88,56.73,78.2,35.09,44.42,2.61
181.826,2.05,3.55,14.18,12.69,6.35,365.41,183.45,107.12,71.1,65.69,,11.94,334.43,47.4,152.29,10.08,0.19,4.67,94.06,59.16,228.05,81.55,249.7,98.54,5.79,89.39,52.81,28.37,90.51,174.49,81.37,126.9,76.14,47.22,94.43,40.31,6.16,50.76,115.52,56.92,78.38,36.02,42.18,3.17
182.527,0.93,17.36,13.81,14.37,6.35,371.57,192.04,107.68,75.02,67.18,,13.25,325.66,45.72,153.4,8.96,0.19,6.16,94.25,59.35,226.93,84.54,246.16,98.16,5.97,88.83,51.13,23.51,89.95,177.29,82.49,129.52,63.83,45.72,93.5,44.04,5.97,51.51,116.27,58.04,77.64,37.51,42.92,3.17
183.229,3.17,34.53,13.62,14,6.16,367.09,199.5,106.75,67.74,66.62,,11.94,330.7,44.6,153.03,6.72,0.75,4.29,94.25,59.35,228.8,84.73,249.89,99.84,5.6,88.83,52.44,30.79,90.89,179.16,80.25,130.08,72.22,53.37,95.36,43.11,4.85,50.02,117.95,59.35,78.94,40.31,42.18,1.87
183.931,2.99,38.07,15.12,14.93,5.6,375.49,191.29,106.38,67.56,65.69,,10.82,329.58,43.3,151.54,10.82,0.75,6.16,90.14,59.72,227.49,85.47,248.77,98.91,7.09,89.21,51.69,27.06,88.65,179.72,81.37,130.82,71.66,57.48,95.92,41.8,5.04,49.27,118.13,58.23,76.14,41.62,46.1,2.8
184.633,2.8,36.76,13.62,14.93,5.97,364.1,198.57,104.51,69.05,66.06,,12.69,330.14,44.6,154.71,9.33,0.19,6.35,88.09,61.03,228.8,87.15,250.45,98.72,5.79,89.95,54.68,28.18,90.33,176.55,81.18,127.84,68.68,55.8,92.75,41.8,5.23,48.52,117.2,56.92,78.57,38.44,42.18,3.73
185.336,1.87,37.14,14.74,15.68,6.35,356.27,192.41,103.02,68.12,66.81,,11.01,338.35,43.86,157.51,9.52,0.19,7.09,89.39,62.33,227.12,88.27,247.65,99.1,5.79,89.39,55.24,25.19,88.46,171.51,81.55,129.14,67.56,55.99,94.62,40.87,4.67,52.63,116.08,57.48,77.64,40.87,39.75,2.99
186.037,3.92,37.88,17.73,16.42,5.79,363.92,200.25,101.71,69.42,66.44,,11.2,341.15,46.1,153.4,7.84,0.37,6.16,91.26,62.33,230.11,89.58,247.28,100.78,5.6,89.77,55.24,30.05,87.15,166.28,79.69,131.38,65.32,54.87,94.62,39.56,4.29,49.46,117.39,59.16,77.64,41.99,44.79,3.73
186.739,4.11,36.39,16.8,15.12,6.35,361.86,186.81,107.5,66.62,68.12,,9.7,340.22,47.96,145.75,8.02,0.93,5.97,94.43,58.97,229.17,86.59,250.08,100.03,5.97,89.39,55.43,34.34,86.59,162.92,80.25,131.01,61.03,55.61,95.36,40.5,4.29,52.81,115.71,62.52,77.64,42.36,44.6,2.99
187.442,4.85,37.51,16.98,15.12,6.16,353.65,202.3,108.06,70.92,66.62,,9.89,346.19,45.35,47.22,8.02,0.75,8.02,91.45,64.95,231.97,87.15,249.14,98.35,6.53,90.51,60.84,31.17,85.85,158.63,81.93,131.94,69.24,55.05,94.99,41.43,4.85,53.75,119.25,63.83,76.89,40.5,44.23,2.43
188.144,4.11,36.76,18.48,15.49,7.28,354.96,203.61,105.44,79.5,73.16,,12.32,346.19,47.96,111.04,7.84,0.37,7.28,93.5,63.45,229.17,87.71,240.37,97.42,6.35,91.63,55.61,32.29,85.66,154.52,82.67,132.13,68.86,53.75,96.67,42.18,3.92,53.37,118.13,58.97,78.57,43.3,47.22,2.8
188.846,3.73,36.95,19.04,13.06,6.91,357.76,215.18,108.06,84.54,74.65,,10.82,347.87,55.24,160.87,9.52,0.19,8.21,95.55,63.27,229.55,85.47,240.19,98.72,7.09,92.38,55.99,31.91,83.61,155.27,80.81,132.13,70.54,55.05,95.74,39.75,4.11,53.75,121.87,60.09,77.08,41.8,48.52,3.73
189.548,4.85,37.14,18.85,17.17,5.97,354.21,209.58,107.5,86.03,69.98,,11.94,345.81,57.29,177.29,9.7,,7.28,97.04,62.71,225.44,87.15,220.78,100.22,5.23,92.19,58.79,32.1,86.22,155.46,80.81,131.94,68.49,52.07,97.23,39.56,3.73,52.63,120.37,58.23,76.52,44.6,46.84,3.73
190.25,5.41,35.83,18.29,18.85,7.65,354.03,192.6,106.75,82.3,71.1,,10.82,342.64,68.68,180.84,10.26,0.19,10.26,96.3,63.08,226.56,83.98,264.63,98.54,5.97,91.26,52.25,30.61,85.85,153.03,82.11,133.81,64.01,52.63,96.3,41.06,3.73,51.51,117.01,58.97,75.4,42.36,47.03,5.41
190.952,5.79,37.7,19.78,16.61,6.16,354.59,208.65,107.68,85.1,72.22,,11.38,353.65,70.54,172.81,7.84,0.56,7.84,98.16,62.89,226,64.95,280.68,97.42,5.79,92.01,53.19,31.35,86.22,149.49,78.01,134.93,65.88,49.46,94.06,39.56,4.48,53,119.07,61.03,76.52,42.55,46.1,4.48
191.655,6.72,36.39,19.97,13.06,6.16,354.77,206.59,107.87,79.88,71.85,,12.88,353.65,69.98,147.62,9.89,0.19,6.35,96.86,64.01,231.04,49.64,281.06,99.1,7.28,90.14,52.25,32.29,85.66,153.4,79.88,136.61,70.54,51.32,97.42,39.94,3.73,52.25,116.64,58.97,76.89,44.6,49.08,3.17
192.358,5.97,36.76,19.78,14.18,5.97,358.13,201.55,105.63,70.92,71.29,0.19,11.57,350.11,69.05,126.16,9.52,0.19,8.21,97.23,65.32,230.67,61.96,280.68,97.98,8.02,91.45,54.87,32.85,85.29,152.66,82.49,134.74,63.64,54.87,96.67,38.26,3.73,49.83,118.32,64.95,75.96,45.54,48.52,3.92
193.06,6.91,34.53,18.1,12.5,5.79,348.8,208.46,106.56,69.42,69.98,,7.84,346.75,70.36,128.58,9.7,,5.6,96.67,64.95,227.12,84.73,276.76,100.22,6.35,91.82,50.02,32.85,86.78,155.27,78.94,138.85,69.24,50.76,94.8,38.63,3.55,51.88,118.69,60.47,75.77,46.66,46.66,4.48
193.763,8.21,33.03,20.34,16.98,7.46,356.27,203.61,103.02,75.21,72.78,,12.13,363.54,63.83,127.65,9.7,0.19,8.4,94.99,66.06,228.61,89.21,277.32,100.4,7.09,90.89,55.8,34.71,89.39,155.64,78.76,134.74,68.12,54.12,94.25,39.38,4.11,49.46,118.32,60.47,75.77,50.58,55.24,5.79
194.465,5.04,33.97,20.16,16.8,8.77,376.05,204.54,105.07,69.42,72.41,,12.69,351.04,62.52,128.58,11.2,,7.09,96.11,64.95,229.17,86.59,280.5,98.72,7.28,91.45,55.43,33.22,89.39,155.83,78.94,136.61,64.95,52.07,97.42,38.63,3.73,52.25,117.76,60.84,75.4,49.46,53.56,4.85
195.167,6.91,34.34,10.26,17.54,6.35,363.54,211.82,109.73,61.77,73.9,,11.57,349.73,60.47,129.14,8.02,0.19,8.96,97.6,66.62,232.35,82.49,278.26,95.74,6.35,90.14,51.32,34.15,87.9,156.76,78.2,136.05,70.73,52.81,96.11,37.7,3.17,50.95,118.32,63.83,76.33,51.51,50.58,5.41
195.869,13.44,33.22,19.97,16.8,7.28,364.29,208.83,109.18,52.25,74.65,,10.45,353.84,62.52,130.64,8.58,0.19,7.84,98.35,67,226.75,86.59,281.24,92.75,7.09,91.07,52.25,34.34,89.02,160.12,77.45,138.66,62.15,51.51,96.3,35.46,2.99,52.63,118.69,65.51,77.45,48.9,51.32,5.6
196.57,26.13,33.78,18.48,17.54,8.96,365.22,210.14,106.94,40.87,72.78,,11.94,364.85,61.03,127.09,8.02,0.19,8.58,97.98,65.13,229.36,83.23,280.68,89.58,4.29,91.63,50.39,33.22,89.02,159.94,78.2,140.71,69.98,50.2,94.62,37.32,2.43,53.56,117.2,63.64,76.33,51.32,50.2,3.73
197.272,26.13,33.22,19.41,16.61,9.33,364.85,206.97,106.56,41.62,77.26,,12.32,346.93,60.09,126.72,8.4,0.19,8.4,97.04,65.51,229.73,80.99,279.38,85.1,0.56,92.94,51.51,33.78,92.75,159.56,78.76,140.34,67.37,50.95,95.74,38.26,2.24,50.95,117.57,61.77,76.14,51.51,55.05,5.97
197.973,26.13,33.03,19.78,18.1,6.35,365.04,207.15,105.82,36.76,74.46,,11.94,374.55,60.65,124.85,9.52,0.19,8.58,97.6,67.56,240.56,89.21,277.32,84.17,0.37,93.31,53.37,33.78,92.19,161.06,76.52,141.09,60.84,52.81,94.43,38.82,2.61,51.69,120.19,62.89,74.84,52.63,53.19,5.6
198.676,27.06,36.76,18.85,13.81,6.53,413.93,205.29,104.51,37.7,75.96,,12.32,351.6,61.21,124.66,10.82,,9.7,97.6,66.25,240.74,86.03,285.53,81.18,0.75,92.19,52.63,35.65,94.25,164.04,78.57,139.03,64.95,51.32,96.48,36.76,2.43,53,119.44,62.52,74.46,52.63,51.32,5.23
199.378,26.5,26.5,20.53,14.56,8.21,375.67,206.03,105.82,34.53,77.08,,10.26,354.4,61.4,127.84,8.21,0.19,8.4,99.28,67.37,244.29,90.14,290.2,79.5,,91.26,53.19,35.09,94.99,163.3,77.45,139.41,65.32,50.2,93.69,38.44,2.24,47.59,118.32,61.03,73.53,51.32,57.29,5.79
200.08,25.94,36.02,19.22,16.42,8.02,362.42,210.14,104.14,29.86,79.32,,11.76,340.03,61.03,128.58,9.14,,7.28,98.54,68.3,246.9,91.26,292.81,77.45,,94.06,50.39,35.09,97.23,163.67,77.45,142.95,70.54,53.37,93.13,33.59,1.87,52.07,116.83,61.96,72.22,55.24,55.05,5.23
200.781,25.75,34.15,18.66,15.49,9.14,371.2,210.89,107.5,23.89,77.64,,11.76,350.29,62.52,127.84,9.33,0.37,9.7,96.67,68.49,243.73,91.26,292.07,75.96,,91.26,51.13,35.65,99.66,163.48,75.77,143.14,59.72,48.71,90.89,36.21,1.49,51.13,117.01,60.47,72.41,53,54.87,6.72
201.483,27.06,33.97,19.97,17.36,8.77,397.32,206.59,107.68,33.03,76.89,,11.2,345.25,63.64,124.1,20.72,0.56,7.84,100.4,68.49,238.51,89.21,285.16,72.6,28.37,90.33,50.2,34.53,99.84,167.22,75.96,139.78,68.3,50.2,89.77,36.21,2.24,51.51,116.27,58.79,73.9,55.05,53.56,6.72
202.186,26.5,33.22,18.66,18.1,8.58,363.54,210.51,109.36,42.36,77.08,,12.32,348.8,61.77,127.28,21.65,0.37,10.26,101.34,67.18,241.49,88.83,292.25,73.9,30.98,90.51,53.37,34.53,101.15,167.22,76.7,139.03,60.28,47.96,87.71,36.76,2.05,52.63,117.39,61.4,74.46,55.05,57.67,6.72
202.888,26.5,32.47,18.29,19.78,8.77,360.18,208.46,108.99,44.04,75.96,,11.2,355.71,62.52,129.89,18.66,0.19,8.21,100.4,67.93,236.45,93.13,289.45,73.9,30.23,89.58,56.17,35.83,100.22,166.28,76.89,140.9,64.39,53.19,87.9,33.97,1.49,49.08,118.32,63.08,73.72,57.85,57.29,6.72
203.589,26.69,33.41,16.24,16.61,10.45,361.3,210.51,102.27,42.36,76.33,,10.82,353.09,58.41,126.53,26.87,,10.64,100.4,69.42,236.27,92.38,287.21,73.72,30.79,90.7,53.37,36.58,101.34,164.04,75.96,140.53,61.21,53.37,85.29,33.59,1.87,53,116.64,62.89,72.04,58.97,56.92,6.53
204.291,26.87,31.73,13.81,17.36,8.96,348.05,208.09,103.58,44.6,74.65,,11.76,361.12,62.33,128.96,38.63,,12.5,100.4,69.05,236.64,91.63,290.95,74.09,30.61,92.19,54.31,36.58,101.52,166.84,77.26,144.45,63.64,53.37,84.54,34.34,1.31,48.9,119.81,64.95,73.53,55.8,56.36,7.28
204.993,26.31,31.35,16.61,16.8,9.33,369.89,227.68,107.5,45.72,73.9,0.19,12.88,361.86,61.21,131.57,41.62,,8.96,100.4,64.39,236.27,91.63,282.74,75.4,29.86,91.07,52.81,37.88,100.96,165.72,77.45,143.33,64.39,53.19,82.86,37.14,1.49,52.63,117.57,64.01,74.28,55.8,57.11,7.65
205.695,25.57,30.61,15.68,17.73,9.52,400.68,221.52,106.19,45.72,73.72,,13.06,364.1,60.65,132.5,37.7,,13.44,100.96,50.02,231.79,93.69,281.43,72.6,30.23,92.19,43.48,36.95,102.83,167.59,79.13,141.09,68.49,57.29,85.47,35.46,1.68,54.49,120.93,69.98,71.66,57.85,56.55,5.6
206.398,28.55,23.89,14.37,20.34,9.52,382.21,217.79,104.51,45.16,73.34,,8.96,376.61,60.84,134.37,34.9,,10.64,99.1,55.43,237.39,93.13,287.77,74.28,31.17,91.07,50.39,37.14,103.58,164.42,78.76,140.15,69.05,56.17,59.16,35.27,1.12,51.51,120,70.54,72.04,58.23,56.36,5.41
207.1,28.74,32.29,16.8,21.28,9.52,393.03,230.48,104.7,47.03,76.33,,12.88,357.38,61.4,134.18,41.06,0.37,10.64,99.84,64.76,238.51,92.75,282.36,77.45,30.23,92.01,50.58,36.95,103.02,164.04,77.64,141.83,72.6,58.23,58.41,36.21,1.12,51.13,120,64.76,70.92,59.53,56.73,7.46
207.802,26.87,33.03,12.69,17.92,8.96,382.21,224.32,107.12,57.11,76.14,,12.88,378.47,61.03,137.36,41.24,,9.89,101.52,67.18,239.63,96.11,288.15,80.81,29.86,89.21,55.99,36.95,104.7,164.04,77.64,141.83,66.81,59.72,74.09,36.76,1.31,50.76,119.81,63.27,68.68,58.6,60.47,6.91
208.504,28.55,32.66,11.01,19.6,8.21,407.59,209.77,105.07,74.46,71.1,,12.13,355.89,62.71,137.73,36.02,,14,101.15,69.98,234.03,92.57,282.18,83.98,31.73,91.26,54.49,38.44,106.19,160.68,80.81,141.83,64.01,58.41,84.35,36.76,1.12,50.95,117.01,65.51,69.42,61.03,59.91,9.52
209.206,27.81,35.65,9.7,18.85,8.4,404.41,218.72,105.44,73.9,70.36,,12.32,362.05,63.45,133.25,37.88,0.19,14.74,100.78,69.42,238.13,93.87,283.67,81.37,30.61,89.58,61.96,37.88,106.94,162.92,77.26,141.09,70.73,58.23,84.91,36.95,0.93,53.37,114.03,68.49,69.61,59.91,57.85,8.77
209.908,28.74,36.02,5.6,16.61,8.77,392.84,223.02,107.31,74.28,71.85,,11.94,373.43,63.83,139.03,39.75,0.19,13.06,102.83,69.8,236.83,94.62,282.18,83.42,31.54,90.7,58.79,38.82,110.48,162.36,78.38,141.27,65.69,58.97,87.9,36.02,0.19,55.24,117.57,66.25,71.1,62.71,59.91,8.02
210.61,27.62,35.27,4.67,16.24,9.33,365.6,223.58,108.99,67,69.42,,11.76,370.45,64.76,140.71,37.32,,14.56,101.71,71.48,237.57,93.13,280.31,85.66,30.05,90.7,60.28,38.44,107.5,161.62,77.08,141.27,72.22,56.73,89.39,38.26,0.19,54.68,121.49,63.08,69.42,64.76,63.64,8.4
211.312,28.18,43.86,4.11,21.28,11.2,391.91,216.3,104.14,66.62,71.66,,11.2,368.77,67.18,139.03,36.76,0.37,13.06,102.08,68.12,235.33,93.87,283.3,87.9,29.49,91.63,55.24,38.07,106.94,162.92,76.89,141.65,61.77,56.36,90.33,37.7,,52.44,118.32,66.25,63.83,62.52,62.33,6.16
212.013,27.81,45.35,7.28,22.21,13.25,400.68,228.8,104.51,70.73,72.04,,11.38,377.91,67,138.85,39.56,0.37,14.74,104.14,70.92,239.07,92.38,277.51,86.78,29.49,91.07,56.92,36.58,109.36,164.79,81.37,140.34,61.21,57.11,89.95,37.88,,55.43,120,64.01,62.52,65.32,60.28,7.84
212.716,28.37,45.16,6.72,19.6,9.14,382.21,214.06,107.31,68.12,72.78,,11.38,373.81,65.88,141.83,44.79,0.19,12.88,102.08,69.61,234.77,96.11,279.94,89.95,29.49,91.63,53,37.88,110.48,164.98,79.88,142.77,55.43,60.65,91.63,39.94,,54.31,116.45,66.25,64.57,67.56,57.85,8.4
213.418,27.81,46.84,7.09,20.53,11.38,401.8,232.35,110.11,71.48,71.66,,11.57,365.97,66.06,140.9,41.06,0.19,15.3,100.59,72.22,234.77,99.47,285.16,91.63,30.79,91.63,55.61,39,108.99,167.22,81.37,140.15,58.41,57.48,92.38,39.94,,52.25,118.32,64.95,73.16,62.71,63.27,9.14
214.12,27.99,33.97,5.04,22.77,13.62,398.82,228.61,107.12,65.32,72.04,,14,365.41,67.56,137.36,41.06,0.37,15.86,100.78,72.6,239.25,93.13,282.55,91.45,30.23,89.95,57.85,40.12,109.55,168.89,82.49,141.83,56.17,57.67,92.94,40.5,,56.17,121.31,70.54,73.16,66.62,64.01,8.21
214.822,27.43,41.8,3.92,21.46,9.7,399.38,224.32,109.73,67.37,73.72,,12.88,367.28,67.18,141.46,40.87,,14.74,102.27,73.34,236.08,94.06,283.3,93.31,31.17,89.58,61.21,39.75,110.48,168.71,79.13,141.09,55.61,58.97,94.25,41.24,,56.73,119.44,73.72,70.54,66.25,64.2,8.21
215.524,28.93,41.06,2.8,21.65,10.64,393.59,224.51,108.43,62.33,73.34,,11.76,365.04,68.86,141.09,42.74,0.19,15.49,101.34,72.04,232.53,95.74,282.92,93.31,30.79,91.07,58.6,44.6,111.04,168.89,78.76,143.89,56.92,55.8,92.57,43.11,,53.75,120.19,66.25,70.36,67,64.2,8.77
216.226,29.49,41.99,2.24,21.46,11.2,407.96,230.67,106,59.16,76.7,,12.13,369.52,67.18,142.21,39.19,0.56,16.05,102.08,73.34,236.64,96.11,282.18,94.06,30.61,89.77,59.35,40.31,110.85,163.86,80.43,141.09,51.69,57.85,94.43,42.55,,57.29,121.49,69.8,69.98,65.69,60.84,9.14
216.929,28.93,45.72,3.92,24.45,11.57,411.13,229.92,106,46.1,72.41,,12.5,355.15,69.98,141.46,39.75,0.37,18.1,103.2,72.22,234.21,95.18,278.07,94.8,31.35,90.89,56.36,40.5,110.67,166.28,80.43,139.97,53.93,49.46,93.13,38.26,,56.17,120,71.29,69.8,67.56,65.51,9.7
217.631,28.37,41.43,3.36,23.14,11.38,407.96,230.85,104.51,40.12,73.9,,12.13,379.03,70.36,143.14,40.31,0.19,16.8,101.15,72.22,234.77,93.5,285.72,96.3,31.54,92.94,55.43,40.12,109.73,168.52,82.49,137.54,55.61,57.67,93.13,38.82,,55.8,118.69,74.09,71.85,64.76,62.71,7.84
218.333,27.81,46.28,4.67,24.26,11.76,406.09,221.71,103.39,41.99,73.53,,9.89,367.84,70.54,144.82,36.21,0.37,17.17,102.83,72.04,237.95,96.3,283.67,96.48,30.42,88.65,56.17,40.31,109.55,166.47,79.32,138.66,53.37,55.61,93.31,36.02,,57.29,123.55,66.81,71.48,67.18,64.57,9.14
219.035,28.74,42.74,4.67,25.57,10.64,410.39,223.02,106.56,60.65,76.14,,15.49,377.17,67.37,146.87,41.43,2.61,16.61,104.32,71.85,234.59,90.14,290.39,96.48,31.17,91.82,54.87,40.12,109.36,167.03,80.25,137.17,54.12,55.99,93.69,36.21,,54.68,123.55,69.42,70.36,68.3,63.45,11.2
219.737,28.74,45.16,5.97,27.06,10.45,410.95,230.67,106.94,73.9,77.82,,12.5,376.23,69.42,143.7,40.5,2.43,17.54,100.96,72.97,234.96,93.87,291.32,95.92,30.23,89.95,53.93,42.18,110.29,163.48,79.69,138.66,53.75,57.67,94.62,33.59,0.37,55.8,121.68,66.44,70.73,69.05,62.52,9.33
220.439,28.93,44.79,7.28,26.87,12.32,403.29,230.85,108.62,78.2,74.28,,11.57,378.1,69.42,140.9,39.38,0.93,19.6,102.83,74.28,233.84,95.18,289.45,96.86,30.23,91.82,54.12,42.18,110.85,161.24,79.69,140.15,52.44,49.83,93.31,32.66,0.19,54.31,120.56,73.34,70.54,69.24,64.76,9.33
221.14,29.86,52.07,8.4,23.51,11.76,411.32,226.75,107.31,77.82,71.48,,10.82,392.28,71.29,144.26,36.21,0.37,18.85,103.76,72.6,233.09,97.04,290.57,97.23,30.79,90.33,61.77,42.55,110.67,162.74,79.13,139.59,51.51,53.37,93.13,33.97,0.37,54.49,117.76,70.54,71.1,68.3,64.95,10.26
221.843,30.05,47.96,8.4,25.38,10.82,410.95,226.75,106.56,80.99,71.1,,14.93,369.89,71.85,146.13,34.15,0.56,19.41,102.83,56.73,235.15,92.01,285.53,98.35,30.61,91.63,60.84,41.99,110.67,163.86,79.69,139.41,51.13,48.15,94.06,31.35,0.19,56.36,121.12,69.8,71.66,69.61,65.51,12.32
222.545,29.86,46.84,8.4,25.19,11.01,410.76,217.98,104.51,82.67,72.22,,14.18,371.38,73.16,145.38,33.22,0.56,22.21,104.14,56.92,236.27,97.04,284.41,100.03,31.35,92.94,61.03,42.92,110.29,168.89,80.81,137.73,51.51,47.59,94.06,32.66,0.19,53.19,118.32,69.24,70.54,70.54,69.24,10.64
223.247,30.42,47.4,7.65,26.31,10.45,407.21,221.34,105.26,77.64,74.84,,13.44,384.82,76.33,138.48,29.49,0.56,17.54,100.59,66.06,234.4,96.3,278.63,102.27,31.73,92.01,58.6,42.55,111.79,175.05,82.86,139.78,48.9,44.04,95.74,31.35,0.37,57.11,118.88,70.92,71.48,69.61,69.05,10.08
223.949,29.3,42.36,9.52,26.13,11.94,400.31,233.47,107.68,81.37,75.77,,14.56,385.94,71.66,145.19,30.42,0.37,21.84,103.95,72.97,233.65,95.18,281.06,102.64,31.17,91.26,56.55,41.99,109.92,177.85,83.79,139.22,51.69,40.68,93.69,31.54,0.19,55.8,121.12,68.3,69.61,70.92,67.56,9.52
224.651,30.23,44.42,8.4,27.43,12.13,418.78,226,106.56,81.55,75.02,,12.69,378.1,69.61,145.94,29.3,0.19,20.16,105.26,76.89,235.33,95.74,284.79,102.27,31.35,92.19,57.48,41.43,111.04,181.59,84.91,139.03,51.32,45.16,96.11,28.55,0.19,55.61,122.05,69.61,70.54,70.17,68.3,12.88
225.353,29.11,41.8,10.26,27.81,12.88,420.46,225.63,108.06,75.4,77.45,,12.88,383.89,72.6,149.3,29.86,,22.39,103.95,75.02,234.77,96.3,284.79,100.22,30.98,90.89,54.68,43.3,111.79,180.47,84.91,139.78,52.07,43.48,99.66,26.69,0.37,56.17,120.75,72.41,72.41,72.41,68.49,10.26
226.056,28.74,41.99,9.89,28.93,13.25,410.2,223.76,103.95,65.51,76.52,,13.06,382.58,69.8,143.33,28.18,,20.16,101.15,74.28,235.71,96.67,279.19,101.15,30.79,91.82,55.99,42.74,113.84,180.65,85.1,137.36,51.88,40.31,99.1,26.31,,58.6,120.37,69.8,72.22,71.48,68.12,11.38
226.758,27.06,44.98,9.7,24.82,12.69,423.45,239.63,108.06,64.76,75.77,,13.06,389.67,71.66,141.27,29.3,0.56,23.33,103.39,73.16,233.47,93.5,283.48,100.59,30.61,90.51,57.29,42.74,112.16,174.31,86.78,138.85,48.9,41.8,101.52,26.13,0.37,58.97,122.43,71.29,69.8,72.41,69.8,10.08
227.461,28.74,46.1,10.26,30.23,15.3,413.19,238.13,105.82,73.34,73.9,,13.62,401.24,71.29,141.83,29.11,0.37,21.84,103.39,69.24,236.45,97.79,287.77,101.34,30.61,92.19,53.56,44.6,111.23,168.71,90.33,136.98,50.95,39,101.71,27.99,0.19,58.97,121.49,73.34,70.36,73.9,68.68,12.5
228.163,27.81,44.6,7.09,25.19,14.37,426.81,224.88,105.44,71.85,73.53,,12.69,399.56,70.17,145.19,27.25,0.37,21.65,102.08,71.1,236.45,98.35,281.43,103.58,30.23,92.38,56.73,46.28,112.53,164.04,87.9,136.42,48.52,43.67,89.77,28.74,0.75,55.43,119.81,70.54,70.17,74.28,68.3,13.62
228.865,27.62,45.16,7.46,26.31,15.12,430.17,228.8,108.06,78.01,72.22,,12.5,399,70.54,144.45,27.43,0.19,18.48,104.88,74.09,236.64,98.91,290.39,101.71,30.23,91.82,54.87,44.04,112.53,157.32,89.39,138.85,47.22,45.54,89.95,27.25,11.01,59.16,119.44,76.52,70.17,72.6,71.1,13.06
229.566,27.62,47.03,8.77,26.69,12.13,431.29,233.09,105.82,78.01,70.92,,12.5,385.75,70.54,139.59,27.81,0.19,25.01,101.9,76.52,236.64,97.42,278.82,99.28,33.03,90.89,55.43,45.16,112.91,153.59,87.9,138.29,45.72,47.78,90.14,28.55,11.2,57.85,121.31,72.41,74.28,75.02,71.48,12.88
230.268,29.3,44.23,6.35,27.06,12.32,421.4,237.2,104.51,77.64,71.48,,12.88,395.27,70.92,133.62,26.31,0.37,24.45,103.76,75.21,235.89,96.11,279,99.47,31.17,91.45,56.92,43.67,113.47,150.79,89.39,138.66,46.28,53.75,96.86,27.43,4.48,57.85,118.88,70.54,72.04,76.7,68.49,14
230.971,28.93,46.47,5.41,30.79,12.88,416.54,233.47,105.82,80.62,74.09,,11.38,402.55,70.36,108.99,27.25,0.19,26.13,103.2,76.33,237.2,97.6,289.45,96.67,31.54,92.38,61.4,43.48,111.97,153.03,90.7,136.05,45.54,45.54,98.16,25.75,3.73,56.36,117.57,71.66,67.74,77.64,69.24,12.88
231.673,29.11,53.37,3.73,11.38,15.3,417.48,230.48,101.15,76.14,71.48,,12.5,392.47,70.92,107.5,28.37,0.19,26.69,106.19,75.96,236.64,97.04,291.88,97.23,30.42,91.63,58.41,43.48,110.67,150.23,89.02,135.86,45.54,55.99,96.11,26.31,3.55,58.23,121.12,72.22,70.73,75.4,69.24,15.49
232.374,27.81,39.56,2.61,3.36,14.37,415.05,223.39,105.26,62.33,71.48,,12.32,403.67,69.05,106,26.87,0.19,23.14,104.14,74.65,237.01,98.54,284.41,98.16,30.79,91.26,56.17,42.92,110.11,153.22,88.46,137.36,44.98,54.12,93.69,26.5,3.92,55.05,122.05,72.41,69.98,78.01,71.66,14.74
233.076,28.55,36.95,1.31,30.79,14.93,425.69,229.17,106.75,65.13,71.1,,12.69,393.78,66.25,103.2,26.69,0.19,23.14,103.39,76.33,235.71,98.16,281.99,96.67,30.98,92.01,55.05,44.6,109.55,154.71,87.53,136.42,45.35,53.93,96.3,25.38,3.55,59.72,118.51,72.22,71.29,78.2,70.73,13.25
233.777,26.87,39.56,0.93,27.99,15.12,430.17,240.37,106.19,64.57,70.36,,9.89,387.06,69.42,133.81,28.93,0.37,26.87,101.34,76.52,235.33,93.5,276.76,99.1,32.29,93.13,57.48,41.8,108.62,155.27,87.71,136.8,46.47,54.68,96.48,25.19,3.73,60.84,117.76,72.04,71.85,76.89,72.04,15.3
234.478,28.37,38.07,1.68,29.3,14.74,425.32,238.32,107.68,87.15,73.72,,13.25,385.75,67.56,146.87,27.99,0.19,25.01,103.76,75.02,234.77,88.46,275.83,96.67,30.79,91.26,59.53,41.8,107.31,155.27,87.9,134.74,45.91,56.17,93.13,23.33,2.61,58.23,120.37,78.2,71.1,77.82,70.73,6.72
235.18,26.87,47.96,1.12,28.55,16.42,424.57,235.71,104.7,89.95,72.22,,14.18,384.63,69.98,145.94,28.37,,26.31,100.59,74.09,236.64,88.65,277.32,96.86,31.17,94.25,61.59,43.11,104.51,153.59,86.03,135.49,43.86,61.03,93.5,21.28,2.8,59.72,120,70.17,72.41,78.94,73.34,4.29
235.882,26.31,56.73,,31.54,16.42,418.04,225.26,105.07,89.39,70.36,,15.86,401.99,70.17,148.93,27.99,0.19,27.99,104.14,78.2,233.28,97.42,271.35,97.98,31.17,91.26,58.6,42.92,104.88,158.63,86.59,135.86,45.72,61.59,92.38,20.9,2.61,59.53,120,72.22,69.98,76.52,72.78,4.29
236.585,28.37,53.93,,30.23,20.34,434.83,216.86,106.38,86.22,67.93,,14.56,387.24,68.12,149.11,29.49,1.87,26.87,102.46,78.2,234.96,98.16,273.59,97.42,31.54,93.5,51.69,41.8,104.51,159.94,84.73,138.1,47.03,61.21,94.06,17.36,2.43,58.41,118.69,69.61,69.8,77.82,75.02,10.08
237.287,27.25,56.36,8.77,28.55,16.24,434.27,225.63,105.07,89.58,71.85,,14,385.01,67.93,153.22,26.69,2.43,26.5,101.52,75.21,233.84,93.5,266.87,96.86,30.98,95.36,52.81,43.86,100.78,161.24,83.79,137.92,48.9,62.33,94.06,18.29,1.31,56.92,117.95,72.41,70.17,76.89,71.66,5.79
237.989,28.18,57.29,24.63,31.91,17.17,440.06,217.23,104.32,86.41,70.73,,5.41,391.54,75.21,146.87,28.37,2.43,26.13,103.02,75.58,236.45,86.22,267.99,95.92,31.54,92.75,55.05,39.38,102.46,159.94,86.41,140.15,47.59,69.05,92.75,18.29,1.31,55.61,117.57,71.85,69.8,76.33,70.92,5.23
238.691,26.13,54.87,29.11,32.85,17.54,423.08,228.61,105.82,73.34,70.92,,16.8,374.93,69.61,152.85,24.26,2.61,28.37,101.9,75.96,232.91,74.65,266.87,96.3,30.61,93.69,51.13,40.5,101.71,157.51,85.47,136.61,45.54,67.74,93.69,17.54,1.31,58.6,118.69,74.28,69.61,75.4,74.46,9.89
239.393,25.01,53.56,30.61,30.98,18.29,428.86,233.28,108.24,81.37,68.68,0.19,14.56,386.13,70.36,156.58,25.38,2.99,26.31,101.15,76.14,236.45,77.64,267.62,94.43,31.17,93.69,53.37,41.99,102.08,158.63,84.73,135.3,49.08,69.8,94.62,16.05,1.12,59.91,120.75,77.26,69.05,76.33,71.85,14.93
240.095,25.19,54.31,28.55,30.98,19.22,430.54,231.04,107.87,86.78,69.98,,15.86,397.14,71.85,153.78,27.62,1.49,27.62,101.9,75.96,232.91,77.08,266.5,93.5,32.29,93.13,60.09,41.62,101.71,158.26,85.66,134,44.23,68.86,95.36,14.93,0.93,58.23,118.69,75.02,70.17,76.14,70.73,16.24
240.797,25.01,40.31,32.29,34.71,20.9,429.98,221.34,111.41,89.21,71.1,,15.86,392.84,68.86,152.1,25.01,6.72,27.99,102.46,78.2,234.03,79.88,265.01,94.43,33.03,93.13,60.65,46.84,102.27,158.82,83.79,133.81,50.02,56.73,93.13,15.49,0.93,62.52,118.69,74.09,69.8,79.13,69.8,15.68
241.498,27.25,37.32,30.98,36.21,22.58,423.08,224.88,105.07,85.66,69.8,,15.3,382.95,71.66,157.14,26.31,6.72,28.37,102.27,75.77,233.65,77.45,265.94,93.13,32.29,94.43,65.51,41.43,105.26,157.7,84.54,134.37,51.69,53.75,92.38,13.44,0.75,58.41,119.07,75.77,67.74,79.13,73.34,16.8
242.201,26.13,56.36,29.3,36.02,17.17,432.03,223.2,107.12,88.83,72.6,,15.68,396.58,67.93,155.08,26.31,4.29,30.98,101.71,76.89,229.55,78.01,262.95,92.38,32.1,93.69,67,44.23,105.44,158.82,85.66,134.56,49.27,56.36,92.01,11.2,0.75,57.48,119.25,79.5,68.3,79.13,72.6,14.56
242.903,26.31,54.31,29.11,33.41,20.9,439.13,237.39,104.88,88.46,73.9,,16.98,391.91,67,151.17,23.14,7.09,31.35,102.83,75.96,229.55,50.2,266.87,92.57,31.17,93.87,65.88,42.18,107.87,158.44,83.61,134.56,50.76,56.55,91.45,9.14,0.56,59.35,118.51,75.02,65.69,80.25,72.78,15.86
243.605,26.13,54.31,28.74,36.21,21.09,432.97,233.28,106,85.29,69.61,,18.48,391.54,67.18,146.31,22.77,5.6,32.1,101.71,75.4,234.21,35.09,269.11,94.8,30.79,94.62,62.71,43.3,107.87,159.94,84.54,134.18,49.08,60.47,94.99,5.41,0.37,57.11,120.37,74.09,68.49,77.64,74.84,15.86
244.307,26.13,55.61,30.61,35.65,19.6,427.74,235.15,104.14,84.73,69.42,,15.68,390.23,76.7,146.5,25.57,3.55,31.91,100.78,75.4,232.16,45.16,268.37,91.82,31.17,93.5,73.34,41.99,106.94,161.99,84.54,135.3,47.59,60.65,93.5,4.29,,62.71,122.05,76.52,67.74,80.43,75.02,16.42
245.009,,,,,,,,,,,,,,,,,,,,,,,,,,,,,,,,,,,,,,,,,,,,
